SampleID,site,treatment,Axis.1,Axis.2,Axis.3,Axis.4,Axis.5,Axis.6,Axis.7,Axis.8,Axis.9,Axis.10,Axis.11,Axis.12,Axis.13,Axis.14,Axis.15,Axis.16,Axis.17,Axis.18,Axis.19,Axis.20,Axis.21,Axis.22,Axis.23,Axis.24,Axis.25,Axis.26,Axis.27,Axis.28,Axis.29,Axis.30,Axis.31,Axis.32,Axis.33,Axis.34,Axis.35,Axis.36,Axis.37,Axis.38,Axis.39,Axis.40,Axis.41,Axis.42,Axis.43,Axis.44,Axis.45,Axis.46,index
BAr1A,Balmoral,NAT,0.007140210439774644,0.19355679313680674,0.033953401527226514,-0.020085369453647892,-0.24377214492775884,-0.07974511928429957,-0.2829831794545278,0.07283296889671624,-0.09220161341828885,0.07270306717977214,-0.03347134176187762,-0.03284145363941576,0.10891263511152326,0.14193252866441103,0.03739134892957292,-0.09770781913682396,0.15883404640410534,-0.1256451517687908,0.0754358348934293,-0.05870764772292055,0.021870327339756666,-0.005877873974027833,0.011732109692490455,-0.011365388525852194,-0.019930487596911982,0.061058217328569406,0.012930951827729832,-0.01939824173888912,0.025634809399237107,0.001612813132054374,0.0028650593557864577,0.0078733545920681,-7.179482536198368e-4,-0.0013352083403889502,-0.027335290466554946,0.009094453989156604,0.048057076139066665,0.002934482710379901,-0.004852737715221292,0.009568489559769305,0.002151230265371925,0.0020252719826516605,0.0025205953098121356,-8.516797252013353e-4,0.008077590477550968,0.002225514812433736,-0.872388753
BAr1B,Balmoral,NAT,-0.06449805502981625,0.09369296741192883,0.07084953001160842,0.12658266666567308,-0.12319930513449055,-0.046406112627564826,-0.33764357542090173,0.17997988964466716,-0.02816322625465203,0.013624143454938169,-0.026313010468887746,0.0539543805418627,-0.043745750578949506,-0.001971324566484378,0.010498722046368118,-0.031717754563997835,-0.0888702745785104,0.050282616139868765,-0.0038278119949654646,-0.026196072582956875,-0.042415165949251335,0.039722307030510426,-0.0564426881648634,0.04906886527908661,-0.016344324514230724,-0.0645041782882819,-0.03793799368792679,-0.050432080271701644,-0.004302576474220698,0.03453803331447827,-0.0525276132355117,-0.056038922886924095,-0.02537764703220748,-0.002435833498279211,0.025497213150203705,-0.010108226900669705,0.015898826857910105,-0.0051588719695350544,-0.00922544102385915,-0.01832355278674524,0.0014409821582856554,-0.0030226271916241423,-0.003967242330961194,-0.001206324575357102,0.005928347120011111,-0.006508267184845585,-0.320731707
BAr1C,Balmoral,NAT,0.048464731533526074,0.23972982086020478,-0.024109697614897008,0.14795764392166547,-0.15841780111325504,-0.05731492865176432,-0.26067745284643473,0.15369331360872812,-0.018957334143388006,0.012629019935652176,-0.11111829694910304,-0.048721797412660986,-0.07970735528701473,-0.03113499649146011,-0.03629406277990113,-0.1309629005529842,0.014456087910554662,0.007506587862947107,0.03159122833271776,-0.05746381951530516,-0.04798602273757814,0.08719471956327117,-0.04024841854294698,-0.08144293403686316,0.004766550363738951,-0.04863891613067253,-0.003588617782574527,0.044081715872650744,-0.028995593956290127,-0.023080758191978093,-0.008623205902020158,0.0465056644177143,0.016343799682430712,0.011012970459191805,-7.314123414851404e-6,-0.006024906103269355,-0.04152975419317512,0.00952352889736888,0.008146081481818388,8.684415885983736e-4,0.001559512898378996,-0.010632306596769121,-6.707480684229223e-4,0.0028003178043877835,-0.007226809938871773,0.006224828627588905,0.089770005
BAr2D,Balmoral,REST,0.2597232707992906,0.11279392437224812,-0.4671077687215527,-0.05547807380998212,0.03802455365428451,-0.036806432613387986,-0.02814462090842302,0.06629548864315127,0.10296675560270685,0.07863998493043244,-0.20646033091238505,0.05090192286941612,0.0011568996582399472,-0.05705171015273735,0.04529544752927781,0.24462804119736475,-0.05252605990817677,-0.11398935250440541,-3.332560446928839e-4,-0.005688488302895293,-0.005276882297087307,0.10376124853329843,0.015162096057182316,-0.026843652260638496,-0.021278633037047315,0.054385752938849806,0.002363088713558489,0.004331241517374201,-0.008259591152719853,-0.01358161654288751,-4.6442153410432415e-4,0.012090953787188115,0.010008008695624335,-0.009522320231124905,0.02070399295312665,-0.012858098809390739,0.008510079611112538,0.01738858569433243,0.002844365336919463,0.0012303142358922577,-8.063377451660366e-4,0.0019793082381265735,-0.004150199168677361,-5.039340275910912e-4,9.647050392436601e-4,-0.0036181412959970763,-0.861788205
BAr2E,Balmoral,REST,0.08127189378674567,0.2501706449820627,-0.11889847729264538,-0.057740698090713735,-0.07651190435573672,0.07815563010265505,-0.15524991707309244,0.22795266161562466,0.24202655389135969,0.01913468488760847,-9.566300768885121e-4,0.03223264341101474,-0.14724673919136316,0.09791843770599573,0.03440308627381975,0.11474345587820173,0.07737974092173286,-0.03325921029191685,0.0349211923150698,0.05033249347431307,0.0534667735470408,-0.13295928152879571,-0.005940074084630879,0.0488568510292627,0.07763682824640532,-0.04262406458522285,-0.0070705339987282585,0.026588942009512725,0.033672542097953256,-0.0038818594707040466,-0.009417179465228923,-0.018134883462357056,0.002738067125217874,-0.005061732445265964,-0.002300049309746662,-0.004622963646586135,-0.025546923345444474,-0.015372877773972383,0.007587850412733091,-0.009024295688229572,2.141975007641671e-4,0.0014199933560615123,0.004037967919732434,0.0014378405622652776,-9.912762426025545e-4,0.004272345814676393,-0.43882699
BAr2F,Balmoral,REST,0.14689433584089398,0.20037918284673553,-0.09665265124767425,0.0887823006149048,-0.05837721956327101,0.09058110820191592,-0.21171203282411627,0.20171690993639715,0.10107206069720748,0.013814869707237413,0.10290124007644696,0.05827115475168989,-0.12333001980648332,-0.06932572633504444,0.008018200960067133,-0.02461296336043271,-0.04110162877020598,0.12790973738004371,-0.12672853044845908,-0.05566007053966549,0.006485771389150969,-0.027834751664313578,0.05553459843460223,0.03497519271396415,-0.05900433825856064,0.0832001763008269,0.05597859405365396,-0.04287116795078385,-0.015764526894729975,-0.005694897044136047,0.037346010702925266,0.03460233809371832,0.014731605118419701,-0.005723614628039538,-0.009403157833175274,0.01461522219041834,0.0076956648253531925,-0.009362747022226022,-0.006978364770466282,0.011137178675593846,-0.0052932604947188815,0.001882011237372004,-5.719896164275848e-4,3.206199377431379e-4,0.003058083669443106,0.0019518210596178355,-0.325096378
BAr3G,Balmoral,DAM,0.26860350394102184,0.06585278627060653,-0.5857292800053581,-0.117581902025687,0.025227634668639937,-0.04278818314893085,-0.07882223719858271,-0.19653961565064776,-0.0769310194411856,-0.09535840661372447,0.10483492247657024,-0.017549746164379255,-0.020981301002198607,0.01935061600228166,-0.02151181568847824,-0.06682294651878745,-0.0018010106429018214,0.016806019404157414,0.002669019421311397,0.012837328432873756,-2.1807465158676055e-4,-0.018090952444057045,0.011271420131249847,-0.0014954200201633767,0.011349637417183549,-0.004096806639977468,-0.0016030811984490841,-0.0133912593063606,5.543587171388133e-4,-0.025369829731231426,-0.015519994693941042,-0.017417393316440485,0.01758775502895038,-0.015065613264837293,0.00440126431000639,-0.013645420782951372,0.004652350433765348,0.034151739919698484,0.032324739450462776,-0.01811997288869869,0.029904906854220408,0.005634561635879058,-0.01159606373707083,-0.006327269285723026,-0.009133053957993312,0.0041476762701911475,-0.755040527
BAr3H,Balmoral,DAM,0.28629076820171084,0.055800777040171334,-0.5924894389621209,-0.11987084350655415,0.024929351468878775,-0.03551229582432599,-0.09022353960782459,-0.17222676776882703,-0.07005487935006309,-0.0524298856240366,0.07578222703025335,-0.006222586507108904,-0.009166603647703452,0.02281127866579593,-0.004188242450659455,-0.027612336856877067,0.01884356882775371,-0.00879805800826235,-0.006204200404392509,0.013387601965087021,0.002140608580482849,-0.03318581896498603,-0.007880060258015596,-0.0029092153776407574,0.0036746406373611338,-0.03954556900661401,0.020592884944112388,0.002245584011924643,0.0010816442269599381,0.016858916271181662,-0.008431764622931602,9.118623624555924e-4,-0.0233642101114901,-0.007143488897054687,0.002364214309330264,-0.02332094253143944,-0.002582357824055434,0.007315402369571269,-0.04588726715495793,0.02566082959482991,-0.029276802299323813,-0.023142548300610365,0.002879784559480997,0.019634937197341818,0.001177470070719307,1.754128149832406e-4,-0.83161314
BAr3I,Balmoral,DAM,0.2836420446846977,0.07378694809540749,-0.5752401349740909,-0.07874129072384563,0.032685065983410394,-0.03917443472583814,-0.07042235770320722,-0.17486425026597108,-0.05426815351744203,-0.051519885286929926,0.053711042888198536,-0.005619787732423934,-0.03309524834981577,-0.014681623596411635,-0.014753916801932129,-0.031679143726198046,-0.010379468214521174,0.024365897124304748,0.017871575040190536,0.0021246954469120454,-0.022108774372456137,0.016103025295611587,-0.015647460680121315,0.02912364060483617,-0.005530330502493493,0.013303462539659564,-0.03828306740002496,0.015980800290102504,0.0019480380591211724,0.005266417091712217,0.013566044571216145,0.0010098171827869773,-0.003156978654462269,0.026231390787311043,-0.00895605375204029,0.037494415335103844,-0.009239680376872304,-0.051497745488659825,0.014121996852488236,-0.002221688410628119,-0.0013140879508339118,0.021018150240580354,0.009835127896732949,-0.014125850770409712,0.007567418143639646,-0.0050423878921624764,-1.497950267
BOr1A,Bowness,NAT,0.36513480014513283,-0.0285006828032034,0.2195016848842894,0.047289974210730376,0.08736297874599544,-0.140355759449381,-0.058253216282941785,0.11813933394362706,-0.15764068631421682,-0.05234444361817194,0.03393904275056773,-0.006514703803691908,-0.07063556582659547,0.03407987127214418,-0.03332920044039476,0.05868071355756827,0.0403787209482082,0.044172489570620754,0.022684902914358505,0.10971291588591055,-0.016393918868085038,-0.007053205321451202,-0.057460414944998144,-0.0018208221805796523,-0.07077358528720652,0.04144521257429201,-0.03690390679267289,0.0650020557318309,0.010719534780925109,0.01168057051155485,0.03811502498801682,-0.016637996446676493,0.009015270106842294,-0.0292105011069725,0.011652842250825371,0.03459698473274231,0.0018702594145859743,0.016891770695231213,0.016343774102164643,0.006081185930803722,0.007732272963083039,-0.03063126227737747,0.0019934825201894076,-1.0804762510438754e-4,-0.01103476561977233,-0.00814473037596918,0.066541715
BOr1B,Bowness,NAT,0.4396745524968582,-0.026391823506188825,0.17573173923406665,0.022014952969705764,0.19771197672780375,-0.044595742438979596,0.07637796375835229,0.0045632187414206835,-0.014245444677541496,-0.012189720309545654,0.02885437926235298,0.00475297396666464,-0.02768758609156467,0.014797327383235205,-0.02544398398407231,-0.04433413194428494,-0.022946777310755898,0.024276741657899222,-0.008194633918683705,-0.027249782998738495,0.06277548531697476,-0.002905914161721827,-0.07237998711390271,0.010857738065920981,0.027182887318864413,0.04496403758050484,-0.03578652856942725,0.019990077588989526,0.060668986820130846,0.057759061205557925,0.027708115194787275,0.05152430087189905,-0.03134281273635907,-0.001990650960429873,2.3846639826414297e-4,-0.05470730972153995,0.0014730796872291009,0.0056678670957569476,-0.014752224730902656,6.01418121439455e-4,-0.009414572391201909,0.015506292841466254,-0.01047751655086502,-0.0034247760106547493,5.313812469474888e-4,0.002745491324441645,0.006889205
BOr1C,Bowness,NAT,0.41889909265025205,0.004114345920195377,0.14345595190222618,0.04162744615266656,0.21284984694112655,-0.08626568374415594,0.08754493034622894,0.030550461408321055,-0.015943362970315247,-0.032049131739527656,-0.03925261429382988,0.012051877803502524,-0.017982600714050792,-0.002123936844248347,0.050555969898467286,-0.0484271868543797,-1.0246930323351683e-4,-0.005932755098989304,-0.018571465238549748,-0.021771866657829687,0.05810459164417849,-0.03030764835995784,-0.07765189310826806,0.0076647236434972885,-0.009410952298569714,-0.005396226632007235,0.09584361557263614,0.07446262461189088,-0.051813151723505285,0.010105036253446343,-0.015637775026256497,0.004866681644331173,0.022144531047732695,0.035609733652852305,0.013666406702844316,-0.02249592865651712,0.017948056487369957,-0.004521122314659258,-0.0034076455349650457,-0.02468129322611033,0.015515722209150786,0.011045601380821163,0.011940210083897573,0.00323536683334821,0.0031945764921914185,-0.006226270172499339,-0.112365103
BOr2D,Bowness,REST,0.33207932468623824,-0.018466598707233738,0.27722107456917483,0.05529653706933078,0.14596342723264508,-0.11596034402945804,0.032532287941400506,-0.023856692777114896,-0.0669236837337488,-0.11622890670438038,0.049020293720946184,-0.04434644107905491,-0.06363020617750677,-0.026800097474737404,0.025588190836024302,0.042300329089359746,-0.004602611798655445,-0.02023285276917757,0.009768835966386592,-0.0751947381354207,-0.020084618374574842,0.01348087440636023,0.04646732574967949,-0.004358564682940656,0.018222406529327252,-0.014376837555218019,-0.019604880180809633,-0.007800306632669262,-2.6936999800667973e-5,-0.04601438865332043,0.0031079768571782088,-0.037010902121447635,0.022106615289139885,0.02887729843549174,0.027872439403250356,-0.03334934760421909,0.006178491638086079,-0.0074740930630480176,0.053794618169098064,0.02632525952232026,-0.026348866860682926,-0.009260254829702295,0.005883485915731725,0.00405809009751397,0.01934560771359812,9.984182812629487e-4,0.299486592
BOr2E,Bowness,REST,0.311839558689356,-0.04018934744846273,0.2690244833959429,-0.004427588493206313,0.1560840973187454,-0.1456173914501039,0.0059632371871822,0.026097366221392887,-0.12866773263535236,-0.14310163938418466,0.04238441977891953,-0.0629564749276747,-0.09973034579884295,0.028832381295334678,0.009074827553100814,0.09089622771110412,0.07073946761250292,-0.0618217232337658,-0.012884654069447903,0.0055740709823063105,-0.04927207114368229,0.017376732455961552,0.06318414502875914,-0.006518883094887647,0.014960127064410453,-0.03264076684957703,0.006975218419260066,-0.05902703511975153,-0.06768138361580871,0.008161703578139964,0.013240629825181646,0.006505079346809571,-0.02698789837215277,-0.014566659771422874,-0.022039028851261258,0.0205295186266908,-0.002843587546823557,-0.014376116673532629,-0.029985216980899274,-0.01892027695921874,0.019729772465043396,0.024973593775474184,0.0014229983924477858,0.00791296435671177,0.0032298351823838553,0.002308956897475399,0.111499409
BOr2F,Bowness,REST,0.3890807135423293,-0.03213410948625601,0.23713255122117807,0.06415409500714518,0.19114906256667635,-0.09403322607568522,0.060846894871956554,0.01771159355451416,-0.049551189496824195,-0.06374007670865314,0.008705431789707854,-0.030598700666404115,-0.04010164888401674,-0.04215142726034394,0.03564098557646641,0.007189456508622812,0.01375749336889004,-0.05093774999180743,0.008710612618615976,-0.06467175456907569,0.018870758334848203,-0.019508618283625403,0.01093529061576343,0.03989133308835429,0.012749302153827635,-0.008492135204976782,-0.0085915312220939,-0.039502701223914645,0.03662306543814118,-0.03055661750910254,-0.04076930164434289,-0.00246709511639022,0.017152033185870982,-0.016358430359118183,0.004797533936277214,0.03660724920418789,-0.023817988424024016,0.016936095492520672,-0.02804634599102671,0.023232606944860457,-0.009286257470374308,-0.002250919773821102,-0.009738712283124647,-0.021067882657495075,-0.013639024455725863,2.0536866413835042e-4,0.195822181
BOr3G,Bowness,DAM,0.4716135027830203,-0.05264706169768641,0.041555427627437656,0.04433678118443343,0.2116714025438969,0.0034866240126894036,0.03139725855787137,0.05314490004647295,0.08077771496766628,0.11412202990946514,-0.02110137497765349,0.12142947632541257,0.10377932926874948,0.07814369876563373,-0.049813942900852635,-0.05136329167912177,-0.025964668110302135,0.011641527057107168,-0.016073280699650704,0.013618537165750604,-0.03646971293595561,-0.014537211092921007,0.03169467557765582,-0.041892306369622954,0.023437080189389763,-0.01134447141848827,-0.027104055818806424,-0.01280029312565699,-0.018390006542014455,-5.352622616424402e-4,-0.03647169420742336,0.03095700903622737,-0.002370052918869232,-0.036080109011846904,-0.019624146368976723,0.0037586532626945834,2.4905219044309547e-4,-0.005068485684180665,0.02850899746542314,0.011416985353057676,0.03036473873855914,0.0032584812880585437,0.006099855392788406,-0.007661284169651748,0.0010492337813362903,-0.010373581116110071,-0.626651551
BOr3H,Bowness,DAM,0.46846143120968886,-0.06835893881501365,0.049152366935998296,0.04044083509040194,0.1835939273744161,0.005521672020051249,0.08634963906629886,0.02255316950342547,0.07845380740006071,0.13561314980958408,-0.03156738497696047,0.09526131248901563,0.10728017792305464,0.04468717147624571,-0.025560920415486226,-0.04812497009335561,-0.028527391882237723,0.03163247680812212,0.0030748909409766875,0.02901697409881701,-0.005736721382981027,-0.031845492865450124,0.014235344367693472,-0.018913039832876854,0.009697529140862747,-0.008488180527480522,-0.05045805898938329,0.00790561989703622,-0.03412014946571469,-0.053259727478871366,-0.032258424797220416,0.012472464656208614,-0.005737075673762688,0.01797345912472702,-0.016146618208316945,0.011001275711957016,0.0021503024603074447,0.009018380263736562,-0.012975728179654875,-0.02430076616376415,-0.03116008199491394,-0.001668945087838599,-0.007322943300954824,0.006995729199259763,0.008395754580269673,0.011224404699309838,-0.935412031
BOr3I,Bowness,DAM,0.4598289890141426,0.013362293631075897,-0.0750928193734945,0.06109632971440812,0.1842821625702019,-0.05093146712145504,0.14597375808735338,0.03171700553942199,0.0673859644943722,0.08658395219089514,-0.12085385545376423,0.04435281674249379,0.09792372878929173,-0.03078803492061849,0.011945044406354797,-0.03873355813995546,0.008389326354646886,0.01529729293082188,0.06233999786334678,0.02438048780187181,-0.00970958726978253,0.04458139529010826,0.002044305364029825,0.013195449555205848,-0.022632563921427897,-0.03478278200048719,0.056825465565150536,-0.05845358903551405,0.033130637026856556,0.0330072319222669,0.07415330688347675,-0.042232043090284256,-0.004067530154869867,0.017379937038465326,0.007301541648302975,0.01000739771154494,0.001546929409884139,-0.016437221577853624,-0.020023777197609206,0.008124765440672846,0.0062833869901093575,-0.0143617830026957,0.0015430287334848507,0.0063211411842313825,-0.004913399021810333,0.008199763985423715,-0.381937074
CRr1A,Crocach,NAT,-0.06308668311029257,0.3619590427542695,-0.06639178384644845,0.13328461615237785,-0.09889568705142153,-0.003307626955037433,0.11098667384403743,0.04827444503556758,-0.0543558965927325,-0.012300544758760242,-0.05892757613274164,-0.06406087792500062,0.08599930715183926,-0.07592949334810455,-0.015621126330088492,-0.020463353162524203,0.046395965644658074,-0.024997476257747266,-0.1415953793383206,0.010268827766625927,0.07957214145252084,-0.049703287120183744,3.0596853160972016e-4,-0.026006212654293575,-0.006167493119795,-0.013300744535373317,-0.01313793277852245,8.889243345031574e-4,-0.002944469115702175,0.0098510229808629,0.0030230130369095103,-0.034675117479898356,-0.022705718692871732,-0.012144669231713383,-0.00900922378339522,-0.005568284649559754,0.0090378854672129,0.021969729028480336,0.0041200542955714525,0.010249840650157353,-0.002433061426685211,-0.00850328123163683,-0.013349014508979011,-2.843668783030063e-4,0.012839996765059002,-0.018646143648033686,0.137120448
CRr1B,Crocach,NAT,-0.16407319603084908,0.28221601641360655,0.02772140632499636,0.16925216476008034,-0.04854569970323729,0.030663288205122062,0.16701154104256558,-0.008648677435843475,0.02152600294053355,0.004031925406585153,0.05225793637751859,-0.0574094370765622,-0.05718640284679188,-0.011927653146965098,-0.05261415915045599,-0.036694208217491975,4.65857940739112e-5,-0.04943051355886244,0.03824466201244568,0.0731186751547845,-0.058380979684162004,-0.014668518901502852,0.030875382426311226,0.009209154582806446,0.020816087059065444,0.026413409789257124,0.03563077921908536,0.0032876751029782625,-0.031314554126102165,0.006293441124462585,-0.004643715345755047,0.03276313322234152,0.00922803524607839,-0.013174365894467004,0.022774703940934345,-0.03129488783421937,-0.013277728265703094,0.0026706118981513105,-0.005497773475719775,0.005837823594716272,0.01521915097541353,-0.020258001582784586,-0.015280793261017942,0.010705701780467376,0.004458955712383598,0.0034703469526191568,0.529210487
CRr1C,Crocach,NAT,-0.09948595215473137,0.33189381259629924,-0.025979623433916778,0.19982501957921847,-0.07803803725866801,7.756703861077902e-4,0.14569887710320856,0.02512208969480429,0.037098142387851876,0.01306469300139841,-0.03664374965813045,-0.11236853976366154,-0.028870911282971107,-0.04538779729443078,-0.043363098936956834,-0.04311307752013833,-0.03427445028360107,-6.325880382635715e-4,0.06534999147404452,0.005481828192299705,-0.025449055966677545,-7.224149224574428e-4,-0.018780975474271808,0.02957094665479715,-0.016035789220484327,-0.021918891303281254,-0.03544503902358716,0.009011467851434503,0.014770876540343909,0.01909706771042247,-8.880961591273121e-5,-0.01239282488095767,-0.004121598671654941,-0.009697868784284315,0.02504250340106895,0.02547515422956013,0.00371847578053319,-0.005980365692929298,0.0058133364209777705,0.021131911918939195,-0.012313276205471057,0.03030553693322983,-0.016586745825490214,0.011164495991961567,0.0014812043102007727,0.005585345895565084,0.97464705
CRr2D,Crocach,REST,-0.17529945847635728,0.13387085991806147,0.12022354048219722,0.07632931357658845,-0.07412937488002444,0.015294961881393619,-0.12942557657722956,-0.06548888900011271,-0.14176578835288928,0.025615264314555755,0.12871938975908456,0.13267029756104545,0.08278455526886482,-0.02580069369162146,-0.030060022776126454,0.013927838164683102,-0.08525537925553307,-0.03761853927595892,0.05394554038767924,0.020263981071887982,0.06902326769850864,0.014218211254867122,0.029765668760964068,0.009770678889888152,0.07216253199861723,-0.0288638016271559,0.03942083823099911,-0.04249599468423363,0.016333091115707514,0.005320467430061527,0.020531776176078428,0.04554826084812684,0.012085127282554474,-0.014260244606586134,0.054717509679409936,0.018654866557151924,-0.01870961054628545,-0.0015273007201228397,-0.0055443831535315295,-0.013427114577419508,0.0055620844045881175,-0.015968894287473924,0.015809142061752064,-2.1929595133367188e-4,0.005342431682723433,-0.008436822596432216,-0.033306484
CRr2E,Crocach,REST,-0.14149479947994123,0.1529844509742788,0.14167999544797305,0.06136986341951409,-0.08472856268914605,-0.024114518554159133,-0.1257814966225724,-0.005286303387104972,-0.1864094542691513,0.01269859404939832,0.06594616641483587,0.0958892244153759,0.1271143342384056,-0.01133688919995684,-0.032746435541439925,0.072496156842178,-0.11753033040517659,-0.02624561047761942,0.06693168574276556,0.026478112697497284,0.04233664161976937,-0.05023808419457616,-0.03367431604961069,0.05067180880031682,-0.06401850687375933,0.05477967286559159,0.005145797511962312,-5.004383603784228e-4,-0.019088834024180025,-0.05092120495119039,-0.022961979895192268,-0.025548815154872707,0.022119754958859233,0.010535739127476506,-0.027615818419469338,-0.03132107972788688,-0.02914828087391729,5.606957213639095e-4,-0.007254297843991514,0.012955598976477262,3.3078707909109097e-4,0.021038178180927472,-0.004294759592610643,0.006034652166095876,-0.005166275729126417,0.00800405030336256,0.173641711
CRr2F,Crocach,REST,-0.0749733198238591,0.2644417309942327,0.12334032239538682,0.025487223248532444,-0.07693991208225909,0.011170923612895936,-0.1060238934495634,0.035531564995671706,-0.0925221294891139,-0.019416221304729985,0.10725475224575098,0.07470629777156264,0.04696918868530181,-0.01761131525826957,-8.415362705688433e-5,0.07463920364945034,-0.0754351160642282,-0.027793256724771658,-0.06578019552426015,0.04110847682224143,-0.08468657879287587,0.017037618693092137,0.03262464446541454,-0.07325390196868499,0.05981932003552452,-0.04390406638329485,0.024937361636096236,0.08650691835366568,0.041445924759356816,-0.0014796720297045008,0.035288329944262134,-0.016549181365612568,-0.021557930013143836,0.038574508130420855,-0.03846197918696433,0.008072153695354913,0.04189953842066965,-0.015054457860964146,-0.011139340048507734,0.005392684932162234,4.117786311056947e-4,0.007579592707236322,-0.009752061801861193,-0.002087874578931334,-0.007191673262055535,0.0017361429689654977,0.401446952
CRr3G,Crocach,DAM,-0.27197142513588213,0.20277658570704246,0.057555659784936625,0.010727253814913285,0.04813271250119582,0.13709875853776832,0.072389602836528,-0.05041018534332759,0.056189895145800334,-0.05987889620474967,0.053312094642763735,0.12219537331951434,-0.06548928545944176,0.14935181237007453,0.08967934928379884,0.018189105188858475,-0.005193882009513314,0.031818756607361366,0.04341773638594348,0.04811047847600926,0.06080517444333339,0.03438929917598408,-5.877003411905152e-4,-0.07875444486666375,-0.061162755061389726,-0.05077604173182685,0.01198992980718427,-0.024111363895442085,-0.04560666950032433,0.024900460098026364,9.294315856929026e-4,0.01618419326995029,-0.04005136414418581,-0.004429867537586491,2.3342195471449446e-4,-0.0018579051661655036,-0.008028465857551764,0.02516346791323279,0.017819768307465768,0.0353381457674997,-0.025030601568851302,0.017376039956194633,0.008301248298400635,-0.003908834299870822,-0.002976209529720486,-0.003300766662757456,0.168110443
CRr3H,Crocach,DAM,-0.14873909325924042,0.3077716777451253,-0.02787196515159637,0.09335845438194988,0.012705941459440706,0.09082455349500053,0.17914653028858135,-0.06923064946526881,0.055173677799337864,-0.07472562693395403,0.027824053747980127,0.015745708093754116,0.012012145506699125,0.06458231549262856,0.08900709455036154,0.029561958408139664,0.0241355275625987,0.05746524666600279,0.03951590717620425,-0.02657659513122123,0.03490954665198373,0.06813045156172766,3.688532681231667e-4,0.014616535082726891,-0.02553066354594921,0.020802922476625213,0.0032632355760610137,0.021513717798605985,-0.00824886024461878,0.04824571704732868,-0.07803498372845404,-0.03181352435950439,0.043137837476713584,0.03774584263196316,-0.028489461089617682,0.02439444186194401,-0.008843286777682206,-0.0045379493145846364,-0.025674346722897704,-0.006893756610012875,0.019285720710725193,-0.016680598671045665,-0.0023690913632364503,-2.8290121738383485e-5,0.003331869297554166,-0.0034715994625078607,0.042392608
CRr3I,Crocach,DAM,-0.1949867450100854,0.3169451523516982,0.0063425762757575,0.06470509166522077,-0.0033552906933527775,0.07242300086961842,0.17150165738888726,-0.04718064626360992,-0.002468350220392223,-0.03521185586431642,0.005747060231261353,0.028645584390652012,0.023375713245709598,0.07561780966801242,0.12823298209098277,-0.004073060231864757,0.008848701771093904,0.054721042108779344,-0.025763684805565876,-0.07566084420714958,-0.025013564142097273,0.026997717338133397,-0.03027132505127887,0.0071989471221496956,0.006781164442260129,0.0020626762567975618,-0.0019166854537723823,-2.9138123224743477e-6,0.012080408024286829,-0.019907397851951895,0.05900982933239638,-0.007385472256070433,0.007938572046247741,-0.0374748062885979,0.0034696782426291706,0.012594280640311461,2.363560422205794e-5,-5.899858550422417e-4,0.015228680153209486,-0.0122354497177229,-0.0017951480767374268,0.00513340601830608,0.005518535583167708,0.008613252265718775,-0.005854923846526278,0.009904753873729487,0.465350015
LABRr1A,Langwell,NAT,-0.15405643006398317,-0.3805245502619981,-0.10679441745040517,0.05349282798366834,-0.16919700277168556,-0.28358857502647844,0.15435709069199816,0.0928484239292927,0.10390433262767584,0.008443050102289353,0.13423163018158493,0.004940424619968284,-0.008995866344462764,0.001661891011366109,-0.02602019274463923,-0.005698919254131089,-0.01875571147366728,-0.05335202153406036,-0.010120375190822364,-0.0313330323460127,0.00423734150349047,-0.023369624009189696,0.008115773300013184,-0.04613410381071024,-0.05707496148078558,-0.017195986823593763,-0.02367906095661253,-0.004050772026346296,0.0272374890766594,-0.006013694828897217,0.0032246304519601343,5.18977561887496e-4,-0.0012657546786069326,0.01656029473360333,-0.013318801068570987,0.007604496883857853,-0.005285181327917387,0.007030824634890642,-0.0027934236170456144,0.00659551709838779,0.006264703024757569,-0.01834722347999573,0.018111284194687827,-0.015439400998195197,0.0033975662337638875,0.006810404607752709,0.709029404
LABRr1B,Langwell,NAT,-0.1289042043789553,-0.38035721108772585,-0.10706526008014328,0.056020083498311606,-0.18438398855210858,-0.2749317785550382,0.16532189917311277,0.1014159418985923,0.10224876079778511,0.005084359745271368,0.153000837934445,0.022284458280334953,-0.008501542787355605,-0.00501103128713019,-0.02808899111417226,0.002332730010170872,-0.004318176572184095,-0.04753421008765385,-0.0017366777884802206,-0.03794978153346826,0.0025265639133088065,-0.008471289967683045,0.018697603696278584,-0.032730218936210406,-0.06104843010179963,-0.017250175899677155,-0.01877145462905802,-0.015458289599748952,0.017552745981741245,-0.0014814095913058076,2.9627682237656864e-4,0.017350992503178765,-0.0012028875673617513,0.018531671510583037,-0.012766027832556327,-0.002163360283550977,-0.023238940764362444,-0.005735289564967635,-0.0014347352444155973,-0.020179819368068296,0.004609504873370971,0.01179073617465244,-0.013738729850897132,0.027784526205023467,-0.006827754990801853,-0.01324076705043999,0.318794546
LABRr1C,Langwell,NAT,-0.03979200886547657,-0.38145352433250773,-0.09269313260459053,0.026938685774420917,-0.26546041781313295,-0.23509587479941513,0.11223785281190052,0.12204979550828655,0.07362480709286617,-0.053425028713595675,0.13209783292577848,0.10939580876675428,0.0685359284382499,-0.09549880201591741,0.08634806107451928,-0.006349396502494029,0.023983579542062487,0.030215890366440817,0.03111032105269095,0.0156174782184051,-0.01679502855537603,0.029822245038403795,-0.05693568434266921,0.007041043922951543,0.07922880802594587,0.03579757698910029,0.01721688138436568,6.135229658022242e-4,-0.03914268237173792,0.022021485352701473,-0.014592727615358646,-0.017760028725631302,-0.018577376759544195,-0.015830982324988193,0.013440828739698466,0.006325051443135553,0.032387697274933354,0.02008991452879791,0.006102967537792995,-0.006209658688336636,-0.019758443332072443,-0.0019082945077927133,-0.005205348768074634,-0.016313987280074483,-2.9757934689361384e-4,0.007860019276914028,0.704354976
LASAr3G,Langwell,DAM,0.18070057234087053,-0.1112744949623374,0.19279116829622975,0.060073573907015815,-0.01762047945234215,0.23576665288684615,-0.1157810148041166,-0.1765221034433931,0.12936943282939828,0.10278392186581073,0.08344169688528978,-0.08469226208071412,-0.03235163771163773,-0.019466774781302928,0.06457443983420434,-0.053021778998707934,-0.08114628322728658,-0.059230440889135344,0.019344589028187836,-0.07919922105242394,-0.004323282165070348,-0.010306402488193528,0.0873851483761154,-0.020886407225887228,0.03820275155499974,0.06329014205390111,-0.0342358058461323,0.05612928206790073,-0.03758197180804464,0.03131197060711619,0.0028475289677915455,-0.040216120870827064,-0.012691793306567951,-0.007928988006603183,0.009541823613352325,0.011673672018893858,-0.014215116064033145,0.004507718667300171,-0.018676115115015525,-0.0018001259069011807,-0.010302193610561578,-0.011764011007859997,0.002568265608629722,0.002745342076053041,-0.010076491808698476,-0.006410082989018109,-0.37491013
LASAr3H,Langwell,DAM,0.14663767491579993,-0.2069993424858428,0.17811027111941405,0.04178620787534213,-0.035765975935806146,0.24690300765280684,-0.061778358982531444,-0.13613684355730687,0.03289505442736513,0.04311520633741575,0.09660090258671017,-0.05832218183697772,-0.03195123451159928,-0.02318275610472867,0.0227542844534813,0.02890607875768193,0.007453686225091085,-0.09904332021261757,-0.11465745795240245,0.032553103309436955,0.01637617197511648,0.099492426829026,-0.0937119038539515,0.014327785490888801,-0.0015384708362818009,0.006288045963546711,0.01921971362771816,-0.032772368999078455,0.06623085113375679,0.019430144940159905,-0.055068310100035676,0.02078364787909006,-0.017875677026026018,6.2613019866738e-5,-0.017668269762225065,0.003560371552759257,-0.01605453206819798,-0.013091786193078133,0.027614521295324605,-3.2415889120579184e-4,0.00573925257561246,-0.00254439236596866,0.003610335344644566,0.008700459874480312,-7.655260351963387e-7,0.007904389312167758,-0.044798328
LASAr3I,Langwell,DAM,0.20026377105069354,-0.2108245404627394,0.12759693518788195,0.07455917265608906,-0.08481531952351726,0.29152366391408935,-0.10148296239261562,-0.10850550691299574,0.06941123405953309,0.16508395422592118,0.10921243129851738,-0.08906572407862377,0.0010731479593751423,-0.03175651243634572,0.03503749759400197,-0.015559349200884722,0.057838722108341505,-0.009219567956858356,0.00300045851736156,0.09174062091037655,-0.02413554904941692,-0.020904193592609706,0.01493402883560071,-0.005958166450590011,-0.06511451074912648,-0.015227108997339086,0.022609321763551828,-0.010374134335045455,-0.026606646257663565,-0.010053008303041526,0.005763655641330099,-0.024481899506395562,-0.009797193728307355,0.014715854728110728,0.028797272267512906,-0.007988679169148048,0.023975993371414504,0.018466408117432206,0.013392584422605791,-0.004815123853784943,0.008073321284940023,0.012825962786831025,-4.176829735859614e-4,-0.0065314572477002935,-0.0011633118701072666,0.004699341333134938,-0.384444538
LASCr2D,Langwell,REST,-0.12491545239754535,-0.20791057512523284,0.12671238082567549,0.0971796082594536,-0.19629879500111702,-0.203080582280103,-0.08065608908044143,-0.1693570573559901,0.07680385665645423,-0.1540928053178288,-0.14403411371996647,-0.021562755444794583,-0.026949361610293855,0.033579151529177946,-0.0338010797250444,0.028870131922004015,-0.016524133091757074,0.051117826659737374,-0.04441046195928818,0.06959137476592905,0.035677573345003454,0.004203010476366621,0.024330417174397306,0.025187084032956223,0.010667674253803584,0.033154906257780795,-0.04695500747540035,-0.0023030317258683564,-0.0288132049666504,-0.011138444330076436,-0.031013575253275846,0.02895661391734321,-0.024806811673081453,0.0019181199969928043,0.02304302238143874,0.00178423545877293,0.04716411636356178,-0.012652276348144654,-0.016133775476685066,0.012790619812930682,0.019776284922240216,-0.011019307103743464,0.004653800631889947,0.011623051597706612,-0.0015259365027930794,0.010998352343610397,0.011132604
LASCr2E,Langwell,REST,0.10684256847734576,-0.17320881060325927,0.17242685815919112,0.139570620078464,-0.09799344072092094,-0.1327391175070103,-0.07037499837269331,-0.15542614769601568,0.10341188127310147,0.002560955158178366,-0.12435499662151016,0.05816166595500191,0.037788137878379605,0.05478548447599802,-0.036851540887541,-0.053320995088802725,-0.026658935961971688,0.07146722575356929,-0.022291033787498717,0.05951123951320771,-0.0012230001930905736,0.007581243097175051,0.05901985363093085,-0.003149023465922145,0.004308250097767167,-0.0069399625183558114,0.028488782241009425,-0.013791440938058697,0.06219142728586348,-0.007838903254601041,-0.0023670668807533155,-0.037218775494441206,0.02825465171667289,-0.01277401926618441,-0.014093992929986868,-0.0019765556593040333,-0.010454530813320801,-0.011646602087231422,0.01360389492414464,0.005233267605232855,0.002614701128119435,0.0018493300859022527,-0.0028109338780776547,0.008938693737981018,1.9491668806467718e-4,-0.004354200945624301,0.105479608
LASCr2F,Langwell,REST,-0.07548138023295249,-0.1697613122352882,0.14173279945291883,0.08966770147071988,-0.21767767771244445,-0.19491935701836072,-0.1590159388313908,-0.19615253666357513,0.032943135713414784,-0.0825612801661122,-0.1393047756333756,-0.018518139132611182,-0.021564157355003364,0.05463440737851942,-0.02336142600943263,0.013753223741326096,0.04177079755606776,0.031053631586071266,-0.020599139085320687,0.02314556590621851,0.03439086833452171,0.025117778156152536,0.0415997716993901,-0.02344010260599502,0.016534284511366747,0.015929668946216773,0.026706194055847888,-0.004746264611585942,0.006041150947130848,0.020333812721018654,0.030323601770586697,-0.0026550739080595195,0.018168479095602943,0.016599338881803025,-0.007007584829036852,-0.020202103665435383,-0.03650811694668388,0.01703662476567049,-0.0024835177249824965,-0.026497697599038052,-0.031024328599318033,0.016276120775446906,-0.0070814103024868,-0.01870405426181163,-0.00416477930268002,-0.004360436455924635,-0.437896483
MGr1A,Migneint,NAT,-0.39760810975917066,-0.18604116917702682,-0.08605116194081057,0.024296740705447094,0.23249811609633192,-0.1339422951008158,0.028127974371575385,0.002202091805079016,-0.04838263812427759,0.15752888100342102,0.03337673488458158,-0.10062762721174871,-0.0570385793104648,0.09406520747941395,-0.06046917183416086,0.02293914675628713,-0.04415275755564442,-0.0037505124523769663,-0.006291923018533924,-0.023187571114495025,0.027559072674946977,0.01848083887758991,0.04309089455743837,0.006827036776843154,-0.04600089947701696,-0.04449362720812623,0.05269694865583108,0.04966274504056175,0.0194648598572972,0.012966549623352723,-0.014017384969516815,-3.497537293533352e-4,0.01564457549436647,-0.04880722148630216,0.03063017614256893,0.003459876434400559,0.019559342626072587,-0.008532528469972206,-0.010737382244133092,-0.013614667526928872,-1.4417811660796703e-4,0.007302198023841674,-0.017094510087378226,-0.018625551365383717,0.009733191225595038,0.006701635839019659,1.039833529
MGr1B,Migneint,NAT,-0.3693892950661218,-0.08330272781102185,-0.02563789533805043,0.11047746077380788,0.12986078643482993,-0.003034769592503499,0.06535431909531093,-0.10801198059408981,-0.05180885447882619,0.10603422576440084,-0.03315396638947623,0.1131362701846025,-0.10761654294143513,0.03915185442340086,-0.1561728864023144,0.04036226962993162,0.03627621200398109,0.033775819657718115,-0.0368724142288296,-0.05426290291630346,-0.03004360684308792,-0.012301227013854348,-0.015733886971775,-0.003660884361653925,0.037535447688503615,0.018861196967695677,0.016077855775473233,0.034826252427506595,0.011597110216126555,0.0025202746464487776,-0.026126651912587638,-0.00215050013893321,0.006193616343252359,0.014525807118268263,-0.006543470365082533,0.028641856173424286,0.0019058549347298927,0.023626928982789022,-0.009956187832501422,0.02942282104935386,0.004463496913597813,0.0045893491816168626,0.01163672255022316,0.001270676523190203,0.006547340002049079,0.00529379749474044,1.396351814
MGr1C,Migneint,NAT,-0.33869572681919285,-0.10813819669281573,-0.04896459714552485,0.14685039803972277,0.15958919316857267,0.03168965661226909,0.04355941841981566,-0.07931647368396971,-0.07823530232951553,0.12047620316082416,-0.03831166744435574,0.10702016652106362,-0.09931736623760878,-0.014414709588633817,-0.1472192991073291,0.030735709698014407,0.09969747692159021,-0.009013345228807977,0.017461547361342852,-0.06565741639784883,-0.02282063206518292,-0.03156588368200636,-0.05267841073211464,-0.033959129671844446,0.01655208643290004,0.051633496475625165,0.00934331964657312,-0.04726086839074612,-0.022296171278520554,0.0028018402491603854,0.0035208981036435817,-0.04496042077531542,-0.028910306300692218,0.005879825257615083,0.012356166877286131,-0.014111399607045287,0.008209431025770764,-0.02130522347187375,0.015683740225212076,-0.020125092566931988,-0.011065277024550436,-0.0051443467316768035,0.0025853571395681504,0.007929531789969257,-0.012459824695557509,-0.004418512851595627,0.77649995
MGr2D,Migneint,REST,-0.33582322474454285,-0.19779823872552255,-0.13621717609751965,-0.032619352472351475,0.25804522825598347,-0.14163815631978652,-0.07345896821783716,0.14489466548400812,0.0036106654637437017,0.08252920675396082,0.053606607481632255,-0.2532456433272498,0.09334033663919665,0.1563786821923446,0.02875853298512551,0.01997015555087845,-0.07115714696254215,0.040373975446652326,-0.034219718851198455,-9.057011764557532e-4,0.05707057663392125,0.03743742570832083,-0.013396711161667024,0.01683455054875608,0.047468317871406915,0.00779106182983557,-0.028462529334124888,-0.013729916645357608,-0.018918706100315208,-0.014885204396131998,0.025705577046477378,-0.0051824528491357155,0.015522475559605021,0.018447506785565723,0.005517062243706649,-0.012690665048103133,0.01414487165090171,-0.00803469811504146,0.005503872476448373,0.007545513106456691,-0.0023943116460223676,-0.0013694496943566952,0.015139243750630879,0.010065207273078048,-0.010684797921207894,-0.002920670904531439,0.688060648
MGr2E,Migneint,REST,-0.3847551798163762,-0.19714786106728,-0.06139490513739746,-3.867410735695907e-4,0.2769800875682409,-0.012851191725519285,-0.11426125687808854,0.050432729846824884,0.003477515082914551,-0.0015518610159994891,-0.04758541492692505,-0.0528517596220621,0.03593337355424081,-0.018620211893138002,0.045756419806698395,-0.004620846889971586,-0.00898023404175387,0.008272122890325799,-0.013599228118493314,0.02484569359839947,-0.04433663127283743,-0.020997664588230186,-0.009973522796190504,0.027368656702225377,0.018496715775840094,0.01910895672942018,0.005380243701927619,-0.015478291384384855,-0.008822752797497993,0.009486750466992336,0.040654681779180496,-0.016131238233890153,-0.04727619294188118,0.04384531619413376,-0.020479301231455475,-0.001858615906240648,-0.06226683594532851,0.04352404988179808,8.095524294921256e-4,0.005058869452933135,0.03131584636107739,-0.008811254439864939,-0.004324078561856892,-0.008227777657173207,0.012984721925996647,0.005631836103205601,0.919580766
MGr2F,Migneint,REST,-0.3491340409894689,-0.17920195578635428,-0.06746649917492034,0.02813106947531323,0.32508937270464655,0.06619420521547184,-0.10265713430974963,0.06855806795916512,-0.022048659614880586,0.01315152506803854,0.01039986238209768,-0.0037206304107320794,0.054461567359327744,-0.08987381295293408,-0.01159670071908767,-0.020547346002448976,0.05290437438510794,9.545496646393715e-4,0.021857671667568152,0.061069169618992884,0.03519784069303296,0.04661122681847545,-4.847961716848108e-4,0.03075161616141434,0.04931641075723425,0.006194170941122307,-0.020542664624274874,-0.00547561040779249,-0.044299446164083184,0.026768945999251205,5.081937905370326e-4,0.016740288229575732,0.021913305095114587,-0.02368038475490828,-0.047343734566867045,0.02012219661816594,-2.2289928978099681e-4,-0.017830653729403872,0.014169141888451985,0.010632299031590988,-0.01976610651432967,0.002911957362553432,-0.016372598303726442,0.0020256467370560753,-1.732400519540573e-4,-0.004204598184891566,0.364005021
MGr3G,Migneint,DAM,-0.2845054818253276,-0.08375143748717649,0.027333098196490536,0.08708501006386278,0.1946788968902225,0.16607883444881352,-0.08346113466077733,-0.04566503144151814,0.03935655912458029,-0.010751661098812109,0.03822143102282462,0.12361877976932398,-0.03574659063665404,-0.14160750623527757,0.019395360378155035,-0.013276215043828747,0.1002298258833084,-0.005817507593996695,0.011749459658377124,-8.596586846016936e-4,0.04676821376665133,0.03198229174593953,0.03353881113960595,0.02001856741264919,-0.020090203837165446,-0.050333220211973485,-0.09832693305982147,0.011562007734095266,0.023114670488166855,-0.005002021948352695,0.04290480130284609,0.01320460889591359,0.06030170088577679,0.01711888281214143,0.007895586749023353,-0.026488759761126426,0.03261069775333715,0.023694552313617962,-0.021623927335247217,-0.007920560941189266,0.017209722875208854,0.007394916173089399,0.005923456314095021,0.0030338885904108636,6.741432467384113e-4,5.721909221171841e-4,-0.026448296
MGr3H,Migneint,DAM,-0.33635365687188357,-0.13616300885457644,-0.02472272256502637,-0.02794007883568288,0.2927582895374594,0.06853453414891161,-0.08358446342957512,0.04864194855090119,0.03698288511908107,-0.11612508513537659,-0.034056286791105325,-2.5608866417426807e-5,0.0512349811650138,-0.11110881624480835,0.04789996691728942,-0.038871198819824274,0.06894742484985747,0.021163288671901846,0.02714071232649054,0.015102937433925188,0.0428189933201955,0.007142565118019318,0.03542953851705485,-0.026292221866497024,-0.0472395790269632,0.0011271344974034107,0.0384163694649585,0.03877053651231464,0.028610548719226008,-0.08014312605170205,-0.03666212110791583,0.006542707211584896,-0.06123890048459258,-0.003785074254433715,0.014895405498864988,-0.004984514538509846,-0.00728747306795453,-0.04767839305777344,-0.004361834635310699,-0.003575799684457581,-0.007974973799018598,-0.01151493839336803,-0.0010503196560047168,-0.006270712724856895,-0.005537477912399229,-0.001115162616477822,0.202461524
MGr3I,Migneint,DAM,-0.3430149129120798,-0.20465295317004983,-0.03158998501744525,-0.07984281475377637,0.2726651558288504,0.015281341498493133,-0.0846926280397363,0.010675474347363632,-0.008254603759021427,-0.12004193042593704,-0.09513340640844521,-0.023784166757817353,0.03794806393548929,-0.03873432985305578,0.13608292684328852,-0.01832518090914063,-0.045944839405126975,-0.013473543762947746,0.0011241309564538765,0.009035984077100141,-0.13557158204399294,-0.11508026028186452,-0.014705798318234693,-0.054860508734224434,-0.010501966092975393,0.018667036495153735,0.0218518703291598,-0.023875618833300482,0.04511506718079598,0.04171262685218509,-0.04132216896396859,0.02136338584710823,0.04289841811464244,-0.014234002764804512,0.008960224541096013,0.0022777282800223743,0.017891744225062407,0.018408669561812873,0.0020572013893899754,-0.004582132527087566,-0.013636230989724525,0.010674222728066748,0.009403381704765021,0.010497050717559641,-0.0013933911731855298,-0.0030308367549655123,-0.041149766
MHr1A,Moor_House,NAT,-0.042902461731911014,0.35807660715721823,-0.07226884761607794,0.1482635211655158,-0.08563101622931621,-0.010678835814861667,0.12494917900923883,0.039874658565864765,-0.05304216373282228,-0.012969146823064204,-0.05533453769771076,-0.05160335886291516,0.1045723483952462,-0.08637863538106996,-0.023595036223537005,-0.014913589191114412,0.0232659948029662,-0.02747676153927196,-0.12463347143849475,-0.0047783719330839235,0.06601955648242233,-0.035474039075000574,0.001880257554627538,-0.03586400732606331,0.022804495355982796,-0.029010126579771683,6.095322057417411e-5,-0.01275463875128278,-0.02330767655218623,-0.0036876853923754603,-0.013648017173053986,-0.019134019524401025,0.01876493779777196,-0.013301985953458167,0.009814577580443537,0.018549763680937983,-0.013082166299507068,0.0055349390827738746,0.005529216233345967,-0.008115988280653864,9.194630737644788e-4,0.0072323548990437395,0.014366316469096937,-3.418033794603745e-4,-0.011128069002846458,0.012337489030914807,-0.252022444
MHr1B,Moor_House,NAT,-0.11408722949208125,0.3046776649276152,0.0026060469533443773,0.1858240078358623,-0.053541669538605896,0.01992002752057745,0.18215175374870127,0.008965596907744065,0.01818871392307971,-0.02292924891222236,0.030201146395975306,-0.08051549364147827,-0.04974728181156674,-0.0273800094085745,-0.04308313401492573,-0.00397949433114011,-0.017424918297413217,-0.017781547232147733,0.04362591487955397,0.0649924015849223,-0.043952372358733595,0.005850244698676779,0.023113586313894867,0.029721396322276047,-0.005443447850567133,0.010904705999291735,0.00958358556059682,-0.022449288603577526,-0.00156895133364249,0.013896253226064107,0.001851631003688405,0.015185272730569552,0.030320584886678634,-0.005306455023343055,-0.05763816249564616,-0.033758564053062746,0.012170863827515683,-0.017871263627075924,0.016595097389106868,-0.02139336166635761,-0.023831700786317536,-0.02310073062193958,0.011995964657119877,-0.011975977649810609,0.0021334193462546947,8.739676942922808e-4,0.551376705
MHr1C,Moor_House,NAT,-0.09649352219809916,0.3269741107754987,-0.034433978931126166,0.20214664986431666,-0.07343873150188363,-5.004688126581581e-4,0.16340157066020122,0.019173758548527313,0.02532818081358679,0.02317009435265234,-0.07461969947214296,-0.0858581013385338,-0.020598816935396953,-0.05592983940564344,-0.02656209960637904,-0.042441453050335046,-0.04915617603176315,-0.01631284895603072,0.0569624753287417,0.038696152095984246,-0.020644286496163636,-0.019416039654234288,0.009394426594171704,0.027505998768246748,0.007100127442611546,0.030129931325470215,-0.018622869581720953,-0.010787449808183178,0.02588193287516407,-0.015182491559076765,-0.006189495320348459,0.025152372891614896,-0.046084892812521164,0.03139599988857842,0.016976904411332712,0.007992902207949702,0.013285690880695186,0.007138059701200413,-0.008505068561835196,-8.114157828080547e-4,0.007165012717714686,0.021047634682865923,0.020371251015146582,-0.013787411857980039,-0.004446964981423912,-0.010662942102087191,0.555763355
MHr2D,Moor_House,REST,-0.028699676259950724,-0.4179995618403304,-0.09469216282363238,-0.08347143219581701,-0.11152238889631132,0.30738898946922416,0.08650863804162938,0.16173975904250643,-0.07978977914233301,-0.2006390450901381,-0.11855641404200923,0.07636459700553143,3.896587331412331e-5,0.023018172404249197,-0.05262846445859755,-0.06780640082048235,-0.08551240554397026,-0.07815750048034506,0.026269588224788514,-0.03677062152228125,0.060454180314578956,-0.018479002232293963,0.05450826107431055,-0.0085898503170787,-0.014244369704897853,0.018046257636124025,-0.01375721481937343,0.03270385058723112,-0.005739842852468397,0.05788243553107742,0.021404098097233797,-0.020221465423375783,-0.014330445209531539,-0.015943025008480095,0.001571346824357647,0.0026990516644528114,-0.006409448517895562,-0.016889107907646847,0.023941442228765077,-0.003856429711448026,0.014193138635015983,-1.7360223911965948e-4,3.559485794805721e-4,0.0030457902492929544,0.003430368366256002,0.00950127126891833,-0.188796232
MHr2E,Moor_House,REST,0.15391176040794763,-0.3923680850792396,-0.09212864487299681,-0.0282973846249622,-0.2207848636440561,0.35172722502743275,0.12323805309595351,0.1443067890871877,-0.15163010777170285,-0.019643295383208137,-0.02598223518817169,-0.06124757686619257,0.0035244184361664373,0.05383128836386023,-0.03365197002853087,0.016988423716748087,0.029087819474974262,0.057472514142549114,0.0016682404235431039,0.041487709298911296,-0.01341528929320387,0.03877916031625176,0.002256102267377147,0.01394679410643132,0.010088918810497303,0.013475236002034475,0.005165282828125372,0.015059933171530763,0.028551750826282297,-0.04780273035135183,-8.571422000430882e-4,0.006820864266167618,0.003181292179631936,0.0016375375736473264,0.009862417388720847,0.03625791307940031,-0.011981317348131012,0.030076048442822283,-0.016333258679832506,-0.026949008683678555,-0.02620094738842791,0.005530768950663426,0.007712450444741396,0.0119511028444062,0.010532926075986914,-0.004629933693675951,0.024697972
MHr2F,Moor_House,REST,0.12414080246887713,-0.420590347013526,-0.0966252284189239,-0.03099054493449538,-0.23310460609302605,0.34930801383193577,0.14266700151076914,0.14312433414379566,-0.10394100994010536,-0.016299607328136737,-0.04074144695922118,-0.03219384851364041,0.0022041688936158114,0.05499834109340334,-0.025372798299341214,0.031157656167534985,0.02053657514661508,0.05506067954515573,-0.00573226491731088,-0.02508303742282115,-0.03208362800735604,-0.0030833856384259923,0.006512401986688824,-0.003101996070983542,0.033255848898024694,-0.029649755238800042,0.01341275724559642,-0.03572587702021877,-0.009404135587162963,-0.012255315936227622,-0.012990626891167685,0.00508285915880262,0.02682453840532816,0.019747805557332236,-0.001364665341308911,-0.047636763206287014,0.012601938831005844,-0.016900631149131484,-0.017857378911749412,0.03230678505208052,0.013023556920808775,-4.3018543444955075e-4,-0.008548962375526745,-0.016446450933981758,-0.011256394908366977,-0.005753622059537078,-0.240792645
MHr3G,Moor_House,DAM,0.1258495098232154,-0.13101750735339895,0.0383375629339087,0.17672139809256276,-0.24364429370394258,0.011356790241392283,-0.040172347546738485,-0.14566485988855288,-0.07678378586868251,0.10845201567741303,-0.02017535051859109,-0.10301900902593825,0.11446429034359144,-0.09663672154467233,0.07370626421569602,0.16984310607614866,0.0436753967237522,0.13545070424139954,0.0697037098675751,-0.07787412270811289,0.0047029874033895315,-0.07402888502016478,-0.016067950905721527,-0.04540775887418861,-0.010869405251139733,-0.028812349491420412,-0.01857841246826772,0.015977865824654786,-0.0025838656749622366,0.03341478829901632,0.00419589827474713,0.03626688211241378,-0.013855701871341159,-0.02055808130103333,-0.00985438701780553,-0.0025394871422711436,-0.017043466365523695,-0.021804700009371496,0.009410868548585444,-5.239653977593462e-4,0.0138963066170179,-0.005133831731370879,-2.994913854717331e-4,0.001106759649089832,0.0065996305841318085,0.002409117080412516,0.008831597
MHr3H,Moor_House,DAM,-0.13208572930183757,-0.33197916212837725,0.03813970609587798,0.08127535506337318,-0.15014464740665914,0.04220780023754037,0.0023449719006720516,-0.19166008906629228,0.07552427770198741,-0.0024879402361714705,-0.11503347740471012,0.03141765675920732,-0.02641079951602002,0.017014911441282032,0.04085455352484597,-0.025396522890869615,-0.06032855946156149,-0.1012489206687395,-0.027061617278435132,-0.03371329501658232,-0.023843641793840034,-0.04641744390647085,-0.0959426247347745,0.09929767778223277,-0.022204586135301643,-0.06429099871792354,0.013777114188587118,0.018512631598884003,-0.04693084946145655,-0.044172358832528076,0.05278600875445033,0.022045049278766646,0.00921773091423538,-0.01382031872084985,-0.026982246251144495,0.021755542042674998,0.012268624684910799,-0.005204814863766747,-0.0018455264961249503,0.008673843660294283,-0.006452585913028759,-0.01015270672544719,-0.0034541466065785586,-0.004215574615043944,5.941039882364381e-6,-0.0077127090374828865,-0.582883862
MHr3I,Moor_House,DAM,-0.23074046308327595,0.28498488500095626,0.032191129763246625,0.02360804788930144,0.013491889711993785,0.06045444616172119,0.14823922065999304,-0.06343971733763228,-0.029116407649353658,-0.019658598215784716,0.012970662879575294,0.08297411645665222,0.00782095822609724,0.135825373358405,0.12240645983367074,-0.014560676546962175,0.01003191492340995,0.0095581466356783,-0.03686833932871954,-0.030538865399656886,-0.04727226108660906,0.00957561025674823,-0.009310001461887008,0.00868765738286345,0.014136779708725322,0.03323961338201311,-0.03779881399210226,-0.009577316566889135,0.020552816608700668,-0.05667155058687501,0.015388013542114498,0.009599364359309425,-0.023293084229218056,-0.008584086053112299,0.017440030700516675,-0.015536902898985742,-0.0035656288962587273,-0.010422701237832531,-0.0038686120873920736,-0.01945526737539945,0.015390371245025203,-0.011963158798988734,-0.018005559875301384,-0.004354294506249067,0.0025749487435655707,-0.0031344779765208157,0.068085083
SEr2D,Stean,REST,-0.036716053810281514,0.1982493181553234,0.11171918123704819,-0.42252464701584347,-0.02029923135892973,-0.03565026011862787,0.020752070360568434,0.00982579365260943,-0.007429912795384699,0.00628541552043289,-0.0077979879336969515,0.037905019001979165,0.1487337629363431,0.021260476182299322,-0.07104173338657276,0.03862527835679717,0.07023001785736252,0.008570785247054945,-0.04731110608232484,-0.054298463819305864,-0.06784830754323695,0.009722470465960295,0.07797938034520435,0.14365436391739086,-0.04434658006722595,-0.034904024059469824,-1.0682658266066304e-4,0.033865706450314885,-0.00815561924171073,0.04997737412659622,-0.021177244917543882,0.03287073927560132,-0.025499852823089236,0.022331073530195436,0.017100256398118886,-0.007256882100957191,-0.00589948858830394,0.015747473013218494,0.02719988242069788,-0.006368781286789267,-0.016103368299348206,-0.006551800904231331,0.003361909835182593,6.061041151921413e-4,-0.011120822487068577,5.092919047523774e-4,0.055305662
SEr2E,Stean,REST,-0.089104124218528,0.17347208691682217,0.16508448451628663,-0.4397141086661639,-0.025765263651281102,0.0752529994372015,-0.03247264179456187,-0.020143643765186455,0.14265787783593856,-0.07371820987339686,0.04886356255942444,-0.016998377615143986,0.11815292825090798,0.02872383501470897,-0.11434550313587145,0.007506845233341468,0.03026273257464465,-0.02813040513324772,-0.0498219604503803,0.030080775680202638,-0.05707154320989948,-0.004557130293083907,-0.07871644613971539,-0.06612514816900478,-0.02755835193665159,0.02553927676824081,-0.03751796464225792,-0.00856163136099726,-0.024503008472561694,0.009435407177288491,0.021961659345713938,-0.014437040657459774,0.03866948874838389,-0.010291927932036189,0.041353831353485075,-0.005088887522779102,-0.028964165147220323,-0.035122184746952355,-0.03265977035195033,0.0032376852839664312,-0.005595575959391388,0.004030832793504433,0.002860617814907326,-0.013017306522873778,0.0077360791616932194,6.162808010194701e-4,0.462907656
SEr2F,Stean,REST,-5.903054858637456e-4,0.1585934263507998,0.16172336749292524,-0.3182515698140215,0.03278062749975492,0.10514956388589311,-0.044981928870167054,-0.03542787367413792,0.23882487011148743,-0.16266246615044158,0.0561784794366154,-0.09359100006316066,0.05516275185318156,-0.0438197576533969,-0.16309260838565262,0.04294843451588357,-0.02587419706221535,0.05288114608655653,0.09449932623037442,-0.07490287307863162,0.02370827308891502,0.021543159922175543,-0.04061177961495308,-0.013016010596769432,0.02548197684306317,-0.00757873873819987,0.04862190530652855,-0.011862404530583282,0.012394294603641222,-0.037067583189587125,0.010106106043880144,-0.006485124742780426,-0.012184618093505703,-0.014628815338292064,-0.024171736567964872,0.013664936836548191,0.02940477439264739,0.033058006257347096,0.006891832845235807,-0.0021489716733638373,0.014446489833938706,0.0012448761585967087,-0.004493931202085562,0.006689879632544682,0.0019846544766121766,-0.004943998347025311,0.016103806
SEr3G,Stean,DAM,-0.05774741175465814,0.10506403997998316,0.11799774417569696,-0.5573399835688702,-0.05071589232320676,-0.04278878291741221,0.07419705243613484,-0.025386827062094146,-0.09426768723076935,0.11967496002872616,-0.07255236641316752,-0.015547176916205696,-0.12570045124535104,-0.07618348926660966,0.02607967488710201,-0.026567958504657072,-0.06254352472270873,0.02975314007386653,0.003898301506556008,0.004724979190951516,0.015137440278567185,0.01900855441039303,0.010427554555117888,-0.011895787690168535,-0.01639130394657974,-0.014383010464927699,-0.02411569447917958,-0.006360830161989635,0.005569595523095066,-0.012367783737392894,-0.007406664849363681,-0.02424777959337797,-0.022010089398881938,-0.048117732437101934,-0.051380868505581434,-0.03188287048304168,0.004104614942535224,0.009560246344685216,-0.018833026035353872,-0.013284748442670772,0.0010997292800528646,-0.003562087885813162,0.018397128397066077,-0.002084244187336731,0.0010352692302933162,0.0017895203379358342,-0.922147193
SEr3H,Stean,DAM,-0.0767705034853877,0.1049122425015802,0.12749575745719338,-0.568735851888185,-0.057332459183259764,-0.024851678803520016,0.05605537561934173,-0.03538205082615382,-0.0863611732296351,0.10582072803871014,-0.06752555691810504,-0.01140680426353622,-0.11157113040081525,-0.026619477653201384,0.04283115345749589,-0.014349415536157022,-0.05082713477895572,0.005561296256801948,0.01153901736823026,0.022334469151715677,0.06613768382116643,-0.052443038089096124,-0.00587117078965422,-0.05179119569096794,0.008031702541127311,-5.562425236514684e-4,-0.007203857593981532,-0.04870851908274202,-0.0028004121270890693,0.009227109164277606,0.0010373228593735088,0.028146181826760944,0.016588459923895457,0.06293004740332372,0.011886779491937241,0.04248278129671213,0.019253637751152526,-0.007982061460230963,0.020898721941348612,-0.005300213774067883,-0.002498855633080766,-0.01574258294698014,-0.02259739221429646,-3.477793002305561e-4,-0.0022088960598129754,0.002332097424267233,-0.763943486
SEr3I,Stean,DAM,-0.1100140708534227,-0.11394905958018216,0.07787005195465749,-0.3838464277246561,-0.22076268498806892,-0.20751295242920112,0.11701066825307022,0.02132521001906138,-0.009072585436283205,0.11758236936089986,0.007321594096699789,0.03732778480113082,-0.0396492146844376,-0.07478841182234718,0.09452287216679232,-0.07614223618711093,0.06541886862812138,0.016278117484420075,0.0047552040801991415,0.035811476695400565,-0.014562055021842378,0.0409907307978239,0.012690361719349674,0.036595213295532815,0.045020800565671364,0.022725851982209895,0.025580162907839047,0.03741024958810885,-7.369814463123781e-4,-0.015839184648017177,-0.004075070182613623,-0.01651005516670257,0.013659076882759085,-0.016919488895708792,0.014183944673519877,-0.008408130240656137,-0.025802627482037477,-0.012028564945169988,0.003289630229515731,0.029350454696461692,0.015314284970605769,0.02073804729728468,0.004784080331567599,0.011240674175471936,0.003054332513895429,-0.005559983643833736,-0.62771484
