"","Virus","baseMean","estimate","stderror","statistic","p.value","p.adjusted"
"1","MGr2D2E2F_vRhyme_unbinned_83",329.873189427215,0.192496699442732,0.74848678080329,10.9006201005522,0.00429497282677973,0.0215640331199218
"2","LASCr2D2E2F_vRhyme_bin_16",119.792505521332,1.07867168503939,0.589467659341868,55.6049075978746,8.4245697778022e-13,9.34804533311432e-11
"3","MGr1A1B1C_vRhyme_unbinned_16",261.951518529992,0.804704759770517,0.776442136581338,13.0769443359514,0.0014466971215806,0.00945566451988044
"4","LAWAr2D2E2F_vRhyme_unbinned_78",458.699541182612,-1.5303248717401,0.550873801759118,52.8996839255836,3.258213871773e-12,2.95479270496414e-10
"5","LABRr1A1B1C_vRhyme_unbinned_64",140.764632995921,-3.28826427744878,1.31324687990216,16.0456579868784,0.000327891107693744,0.00276610463525362
"6","SEr3G3H3I_vRhyme_unbinned_229",108.464112843877,1.05041145961972,0.568608076477726,11.2352427474678,0.00363327303750889,0.0190320547921495
"7","MGr1A1B1C_vRhyme_unbinned_80",158.772697080106,0.607454554739362,0.74619867239348,23.9585243548731,6.27296030090018e-06,9.37515872904985e-05
"8","SEr2D2E2F_vRhyme_unbinned_71",16.8859793306864,-2.08622321826583,0.597608988148435,16.7144774806176,0.000234691484017711,0.00209618391662379
"9","BOr3G3H3I_vRhyme_unbinned_3",195.752700941301,1.66771727933962,0.98822534607153,8.81229457879037,0.0122020990422946,0.0486407849185975
"10","MHr3G3H3I_vRhyme_unbinned_14",144.817321560731,-0.820980417259585,1.02810379941597,10.2922729664253,0.00582185416332347,0.0275163204917992
"11","MHr3G3H3I_vRhyme_unbinned_54",574.949850263205,-0.920197631643579,1.0474539084545,10.6020119276103,0.00498657506891787,0.0245271878813554
"12","MHr2D2E2F_vRhyme_unbinned_12",106.13241753563,-0.057698657609557,0.722451966541965,14.0522158491046,0.000888382713140584,0.00641315082968651
"13","LAWAr2D2E2F_vRhyme_unbinned_56",808.840611925067,-3.01256138574609,0.613662154947751,46.0154949861264,1.01826829743554e-10,6.42394478077814e-09
"14","LASAr3G3H3I_vRhyme_unbinned_35",259.263027871444,-1.40229587268083,1.02736659081595,15.8261635909073,0.000365925134711876,0.00306911774836377
"15","BAr3G3H3I_vRhyme_unbinned_13",22.727304613087,-1.98924028563361,0.815314560945778,9.44758027020609,0.00888145277027396,0.0379757211958059
"16","LAWAr2D2E2F_vRhyme_unbinned_19",5.91874068392977,-3.11645867609842,1.09800481987756,13.9227591316831,0.000947788136072331,0.00674137541882819
"17","CRr3G3H3I_vRhyme_unbinned_97",692.591440865413,-2.98746959637085,0.620972654889625,46.4339582627089,8.26026683573957e-11,5.4480214448446e-09
"18","LAWAr2D2E2F_vRhyme_unbinned_88",9.46324577799875,-0.555447602751459,0.748628971221307,17.5939417251534,0.000151190358531704,0.00151294627744484
"19","CRr3G3H3I_vRhyme_unbinned_29",135.10876241486,0.363837574041982,0.627282215547658,24.8691475411414,3.97862700990325e-06,6.3439426278787e-05
"20","BAr2D2E2F_vRhyme_unbinned_62",625.028811537322,-0.67084634294938,0.598795920547501,15.5666883512849,0.000416616603296849,0.00345434680790701
"21","MHr2D2E2F_vRhyme_unbinned_76",23.8273336188215,1.04579416471357,0.568155211220769,22.7415344255513,1.15275906075425e-05,0.000159300323538516
"22","LASCr2D2E2F_vRhyme_unbinned_123",70.8840068648914,-1.05231005234135,0.719789508559623,10.0407498911651,0.00660205083538839,0.030605673361497
"23","MHr1A1B1C_vRhyme_unbinned_33",106.004469048724,1.96995405989058,0.907915197716587,28.5072079134129,6.45265513055484e-07,1.32962744914046e-05
"24","LASCr2D2E2F_vRhyme_unbinned_73",117.53704446844,-2.17238047272834,0.769856745254114,18.5652171692182,9.3028134913689e-05,0.00102260472545275
"25","LASAr3G3H3I_vRhyme_unbinned_33",464.129577649808,0.17148271238793,0.504900947914068,39.8154058642596,2.26044773120771e-09,8.19977414495596e-08
"26","MGr2D2E2F_vRhyme_unbinned_21",626.300190420483,4.33020736937496,0.830436946794324,20.9417499732111,2.83502421436274e-05,0.000367287512057172
"27","MGr3G3H3I_vRhyme_unbinned_82",939.732308058636,-1.59447642424807,0.730507805571419,15.656020257767,0.000398417491486702,0.00332243551808739
"28","SEr2D2E2F_vRhyme_bin_14",167.995962394075,-0.113597330962076,0.699185012497786,18.3198923611072,0.000105168558011261,0.00113880281846522
"29","SEr3G3H3I_vRhyme_unbinned_211",51.30752275863,-0.473903238581881,0.520137967538646,22.4720085598502,1.31906240509408e-05,0.000175592619246927
"30","BAr3G3H3I_vRhyme_unbinned_15",25.7783357433999,0.0207086247480453,0.639436191859567,42.0026590948886,7.5724857529368e-10,3.1393362364318e-08
"31","MGr3G3H3I_vRhyme_unbinned_9",167.38460495294,-0.60608120509365,0.834229492367481,9.21621988988241,0.00997064557907025,0.0418133142636732
"32","LASCr2D2E2F_vRhyme_unbinned_27",43.6366607662342,-0.397543527378414,0.596585635160088,39.1548064832095,3.14515318155053e-09,1.11307738205605e-07
"33","CRr2D2E2F_vRhyme_unbinned_37",44.5714798999441,1.37193147163889,0.668202479179609,17.6632944176885,0.00014603748701387,0.00148182093466521
"34","MGr1A1B1C_vRhyme_unbinned_46",143.105133944859,3.80307902654069,1.10309919201808,24.3474537025034,5.1643730284448e-06,8.05753254222947e-05
"35","CRr1A1B1C_vRhyme_unbinned_6",30.0261525772652,0.289857395500385,0.901263538770024,10.1195652829691,0.00634693892421235,0.0296122455917432
"36","BAr2D2E2F_vRhyme_unbinned_10",34.3504647204694,-3.42334579936244,0.93556706683377,12.0112239075045,0.00246488049411438,0.0141781361749536
"37","MGr1A1B1C_vRhyme_unbinned_81",2509.79397123344,-0.102915864544802,0.79803935846665,10.5317632590458,0.00516483754722943,0.0252186963037353
"38","MGr1A1B1C_vRhyme_bin_10",508.311327477513,4.15244083089877,1.0576906475127,19.1462490806328,6.95736579276078e-05,0.000788682637913742
"39","SEr2D2E2F_vRhyme_unbinned_36",10.1749246173583,-0.575290154527325,0.593410340452659,11.6452927972585,0.00295976206113398,0.0163293336528723
"40","MGr1A1B1C_vRhyme_unbinned_32",327.861988418989,0.310247833106092,0.623776024804938,23.7377566756923,7.00505632273231e-06,0.000101643367242846
"41","MGr2D2E2F_vRhyme_unbinned_88",838.987616294813,3.59660691751223,0.95208073310156,41.5802494116463,9.35327195800064e-10,3.76988822529415e-08
"42","MGr3G3H3I_vRhyme_unbinned_103",1570.06568501384,-2.06191790347666,1.06064046921916,16.8253861395586,0.000222031105780424,0.002032079063686
"43","BAr1A1B1C_vRhyme_bin_27",22.7466304792727,0.851061993971987,0.506350499633047,23.7601485171637,6.92706567064012e-06,0.000101526992809079
"44","MGr1A1B1C_vRhyme_unbinned_12",403.689818383432,1.24828000292836,0.797476223524701,27.7228283971016,9.55133993908007e-07,1.76510041160474e-05
"45","BOr2D2E2F_vRhyme_bin_8",350.925849080677,-1.31636037178098,0.654022603146284,12.4257933372761,0.00200342579023179,0.012112378423443
"46","SEr3G3H3I_vRhyme_unbinned_248",318.490275426886,1.29420645410472,0.512062339085911,12.5532029238033,0.00187977824872776,0.0117062585360686
"47","MGr3G3H3I_vRhyme_unbinned_111",204.329407997147,0.76117040411949,0.86582670210113,11.577230600355,0.00306221949683158,0.016586604311161
"48","MGr2D2E2F_vRhyme_unbinned_36",485.669682053224,0.027595873733363,0.737900338728336,11.1014763384574,0.00388458870102621,0.019987724131876
"49","MHr2D2E2F_vRhyme_unbinned_15",682.489637681569,1.78963668818211,0.564349096644199,9.76749252439024,0.00756860686469377,0.0334818553678984
"50","SEr3G3H3I_vRhyme_unbinned_151",63.692988649809,1.49479643692376,0.827285507942339,8.96111939875203,0.0113270716252372,0.0460380418157399
"51","SEr2D2E2F_vRhyme_bin_19",283.374743889525,2.59498417668261,0.714727242860849,19.484268133567,5.87550138306276e-05,0.000698799385805252
"52","LASCr2D2E2F_vRhyme_unbinned_84",16.8523091340339,-0.23109643694696,0.729971638569592,8.8821677168596,0.011783160318481,0.0473611236069694
"53","MGr3G3H3I_vRhyme_unbinned_43",208.63992979434,-1.21184697106267,0.796634233273779,12.4898126410163,0.00194031233681378,0.0117798878691079
"54","MGr1A1B1C_vRhyme_unbinned_55",2262.42706456788,-4.06957717063291,0.851528431781693,17.8527199577323,0.000132840688456982,0.001367034318802
"55","MGr3G3H3I_vRhyme_unbinned_60",102.642795459723,-5.7389541196935,0.914377485658641,55.4684393600797,9.01947861223987e-13,9.34804533311432e-11
"56","LASCr2D2E2F_vRhyme_unbinned_22",127.272643998794,0.766222934931636,0.638331058233918,15.0820880604668,0.000530843116125838,0.00419614071505578
"57","SEr2D2E2F_vRhyme_unbinned_58",25.9549266720121,-0.858171355352979,0.533142144403981,12.7739951635767,0.0016833026002812,0.010777427167321
"58","CRr2D2E2F_vRhyme_unbinned_19",12.7389491973636,0.0416789082382687,0.637770700116867,10.6377323723118,0.00489830434323804,0.0241749646327837
"59","BAr3G3H3I_vRhyme_unbinned_10",18.7070878416432,-0.540497401388119,0.705595288084998,49.580245835464,1.71311457931088e-11,1.38096069698894e-09
"60","MGr2D2E2F_vRhyme_unbinned_50",566.600590872027,1.84659246854274,0.643065604196618,9.63564767234165,0.0080843609042501,0.0353634955243586
"61","LASYr2D2E2F_vRhyme_unbinned_12",32.4759399360809,1.20564125631146,0.638316836119287,20.6319632825824,3.30998554953155e-05,0.000421297283541253
"62","BAr2D2E2F_vRhyme_unbinned_7",46.869324723839,-4.21145885399031,0.962598068381583,17.4079608669937,0.000165924045176623,0.00161581066812939
"63","BAr3G3H3I_vRhyme_unbinned_33",19.7347861722442,-0.601717551959815,0.645383838062368,44.0778736210386,2.68294244484138e-10,1.39033910266602e-08
"64","SEr3G3H3I_vRhyme_unbinned_9",99.7381373449216,0.826711376006743,0.565459796133715,64.3372633757427,1.0698940384085e-14,2.21773749961533e-12
"65","BAr1A1B1C_vRhyme_unbinned_47",124.039463309892,-0.615184769684919,0.503087872981178,25.1897379826189,3.38936153757042e-06,5.52580178765694e-05
"66","LAWAr2D2E2F_vRhyme_bin_20",1121.54240528852,0.663460343113315,0.538407500613412,9.81668438769427,0.00738472062446955,0.0328688025340654
"67","MGr1A1B1C_vRhyme_unbinned_83",216.713794738638,1.86981994761161,0.727997521458014,66.6579334133978,3.35284650561349e-15,8.10830046607528e-13
"68","BAr3G3H3I_vRhyme_unbinned_48",41.420729608704,-0.213559497732108,0.598609155405105,40.4758748148829,1.62470852344455e-09,6.0447488910719e-08
"69","LABRr1A1B1C_vRhyme_unbinned_5",79.5732361063771,2.53611492225823,0.607478266764697,97.8857362930118,5.55114326014198e-22,4.02735443523301e-19
"70","LAWAr2D2E2F_vRhyme_unbinned_18",137.388198150072,1.28115340582422,0.780255418810713,13.1728402982769,0.00137896763667365,0.00917835798538287
"71","CRr1A1B1C_vRhyme_unbinned_46",32.5926716643083,-1.27828253691351,0.954441610428194,14.7802268087556,0.000617325942075483,0.00478223304801176
"72","MHr1A1B1C_vRhyme_unbinned_37",5.13516658627328,-2.48836554322484,1.02875794053521,9.97877429325271,0.00680983664500286,0.0310725565154061
"73","MHr2D2E2F_vRhyme_bin_6",52.4477101145847,-0.0570972739593832,0.739615193550189,17.5418636766151,0.000155178911600926,0.00154222329269139
"74","SEr2D2E2F_vRhyme_unbinned_195",77.6397951113121,-4.55842052040265,1.01942922984663,26.9320875612065,1.41831107135344e-06,2.51257754837034e-05
"75","MGr1A1B1C_vRhyme_unbinned_22",306.279399537704,2.02816846219751,0.838473615591794,24.2268606188073,5.48534641520028e-06,8.46727409410171e-05
"76","BAr3G3H3I_vRhyme_unbinned_21",34.3027999585063,-0.396386584869828,0.607993835867498,29.2050187689002,4.55208908207398e-07,9.57258153346282e-06
"77","MGr3G3H3I_vRhyme_unbinned_87",87.7829483388727,-1.39179470207553,0.798789793994419,12.205792737796,0.00223638094576032,0.0132991342307304
"78","LASCr2D2E2F_vRhyme_bin_13",4679.8758517772,0.583875264916607,1.01678078071103,14.3346018846745,0.000771401982387083,0.00572954335728813
"79","LAWAr2D2E2F_vRhyme_unbinned_61",19.8065220225354,-1.35755635333186,1.05539241495161,16.0981733999904,0.000319393491393209,0.00271017518135407
"80","BAr3G3H3I_vRhyme_unbinned_3",23.9319357381104,0.38324458762426,0.553233508587093,29.6356894957915,3.67021742089562e-07,7.94848578764111e-06
"81","MHr3G3H3I_vRhyme_bin_14",1799.23974941199,-3.90546029578662,0.788259888045594,19.4910231465374,5.85569031387792e-05,0.000698799385805252
"82","MHr1A1B1C_vRhyme_unbinned_21",1166.77388349747,-0.168732198554088,0.558186630474952,14.0000690223866,0.000911850495962787,0.00654997559228714
"83","MGr2D2E2F_vRhyme_unbinned_14",418.524923342506,2.22003445609518,0.660251947104823,10.4003072458404,0.00551571701511721,0.0263266624636022
"84","MGr2D2E2F_vRhyme_unbinned_12",521.256729678636,-0.566861574945102,0.835908818236097,9.89253099352101,0.00710991139862216,0.0321385714623077
"85","MGr1A1B1C_vRhyme_unbinned_34",625.912348040168,0.042202024093742,1.14567152956366,13.5155927064935,0.00116178652222121,0.00798934712674393
"86","BAr1A1B1C_vRhyme_unbinned_84",345.845339336463,-0.918750860885867,0.656403660118965,16.7945994572566,0.000225475347521327,0.002032079063686
"87","BAr3G3H3I_vRhyme_unbinned_7",12.5145500963962,0.357348601203738,0.879776503133208,11.5788420010043,0.00305975325924646,0.016586604311161
"88","MHr3G3H3I_vRhyme_unbinned_23",51.3712574215184,3.66753015626234,0.734533792767727,56.1403752329673,6.44573448857689e-13,7.79396728577089e-11
"89","LASCr2D2E2F_vRhyme_unbinned_112",217.175114125343,-0.907314733233675,0.615780895275467,12.5425883734797,0.00188978127005046,0.0117182590719796
"90","LAWAr2D2E2F_vRhyme_bin_30",48.0206861872279,-0.558803021758074,0.833146755560729,11.9383062013926,0.00255640552053097,0.0144332467326476
"91","BAr1A1B1C_vRhyme_unbinned_74",85.294581980377,0.176257586883843,0.938684152552786,12.7428419387568,0.00170972802747314,0.0108332548815001
"92","BAr3G3H3I_vRhyme_unbinned_53",113.653789815462,-0.468630387956071,0.486318639777011,54.6628165631406,1.34933628978147e-12,1.30525797098195e-10
"93","BAr3G3H3I_vRhyme_unbinned_32",55.5755449842891,-0.717803969323045,0.584958521964082,38.8970071627818,3.57785069485323e-09,1.20731659493768e-07
"94","BAr3G3H3I_vRhyme_unbinned_14",39.2574806742597,0.238372994876899,0.518616988288932,40.9701245348511,1.26896748963718e-09,4.84545217753566e-08
"95","MGr1A1B1C_vRhyme_unbinned_35",187.918197314594,0.379648254076533,0.699759876311898,34.6379588143067,3.00928147246983e-08,8.08605077139577e-07
"96","LASCr2D2E2F_vRhyme_unbinned_21",115.683399743766,0.362353924874594,0.564160042001021,18.9431403581441,7.70103923932138e-05,0.000852992972233231
"97","SEr3G3H3I_vRhyme_bin_23",859.316230657998,-0.00332892560818105,0.467691065207123,16.9777812892134,0.000205741373865266,0.0019385112563539
"98","MGr2D2E2F_vRhyme_unbinned_30",144.009284320627,1.75354930315849,1.81554366960045,8.91434473045442,0.0115951036950987,0.0468648898651481
"99","BAr2D2E2F_vRhyme_unbinned_30",16.6293740356866,-3.11019596815783,0.854705429677514,23.9398054727441,6.33194731527832e-06,9.37515872904985e-05
"100","LABRr1A1B1C_vRhyme_bin_12",696.138498446075,1.21448308529813,0.833842192055086,26.0089097536444,2.25028231379274e-06,3.75305705438307e-05
"101","MGr2D2E2F_vRhyme_unbinned_86",461.284865659836,3.27327160009921,0.927397897171492,26.7498508648775,1.55361601299208e-06,2.68368670815656e-05
"102","SEr2D2E2F_vRhyme_unbinned_144",25.43513527033,-0.0314082684891607,0.824907816264599,12.6456010499979,0.00179490977128496,0.0112745198187639
"103","MHr1A1B1C_vRhyme_unbinned_41",97.5283649961505,-2.55981659686378,0.849217080815404,19.324363602606,6.36455084835036e-05,0.000747422517191808
"104","SEr2D2E2F_vRhyme_unbinned_74",124.265883173058,-2.14878656995927,0.68158632001175,17.7486471032826,0.000139936256235988,0.00142991202674943
"105","MGr2D2E2F_vRhyme_unbinned_58",10897.3219478269,0.0919429739127472,0.953838873599508,36.6057502977821,1.12502537961684e-08,3.54872136048704e-07
"106","SEr3G3H3I_vRhyme_bin_25",256.710164848468,-2.62831778070924,0.664598561379032,36.0890397156264,1.45668147477792e-08,4.40342670813076e-07
"107","SEr2D2E2F_vRhyme_unbinned_21",33.9973363500384,1.45349926731089,0.731933767051878,16.6423791964191,0.00024330625531496,0.0021396204634061
"108","LASCr2D2E2F_vRhyme_unbinned_41",175.626977576536,-0.514846507845516,0.590304338230871,12.2510333756003,0.00218636116015212,0.0130551853637067
"109","SEr2D2E2F_vRhyme_bin_9",175.086274977505,0.11884318644684,0.6568767516866,27.7105565723854,9.61012629336831e-07,1.76510041160474e-05
"110","CRr2D2E2F_vRhyme_unbinned_86",18.4933238919784,-1.71342198691125,0.747789061736548,13.099788920703,0.00143026654017046,0.00939057352844946
"111","LAWAr2D2E2F_vRhyme_unbinned_89",7637.90758125481,0.348396353924551,0.603239189999831,9.8513325816279,0.0072578888037723,0.0324931694470735
"112","BAr3G3H3I_vRhyme_unbinned_47",38.5778739825963,0.0470909438369724,0.636775091759585,12.095788750228,0.00236283201005418,0.0138244727685025
"113","BOr2D2E2F_vRhyme_unbinned_3",305.048283930486,-3.00995977481463,0.602614388510473,46.6065241464952,7.5774289213912e-11,5.23564255473268e-09
"114","CRr1A1B1C_vRhyme_bin_13",183.891702261047,1.11589899216087,0.610802255806648,11.7596572067416,0.00279526433286563,0.0154806433091146
"115","MHr1A1B1C_vRhyme_unbinned_28",55.3866954784175,0.232828483529876,0.765837634364419,11.2966465020226,0.00352341971509875,0.0186586934547747
"116","MHr1A1B1C_vRhyme_unbinned_2",38.2671926111168,-1.25061154209916,0.594472124221979,23.6573562778206,7.29239787869091e-06,0.000104765042791886
"117","SEr3G3H3I_vRhyme_unbinned_77",625.674988860227,1.4199234044756,0.522847595673923,17.4300450628686,0.000164101973877875,0.00160886462227566
"118","SEr3G3H3I_vRhyme_unbinned_51",285.305664314078,1.88388181591974,0.41837496342691,19.0852752236576,7.17274088720743e-05,0.000806794343204495
"119","SEr3G3H3I_vRhyme_unbinned_277",493.155954417436,1.5071543643132,0.525364076783007,11.9593577551998,0.00252963848539733,0.0143379118840294
"120","MHr1A1B1C_vRhyme_bin_8",150.101061900895,2.16448611626631,0.737674936226944,15.3259141653524,0.000469915774422117,0.00383060555441849
"121","BAr3G3H3I_vRhyme_unbinned_28",145.902755619975,-0.630628675526129,0.530902917527241,19.601211463944,5.54180207963562e-05,0.00067009623479594
"122","LABRr1A1B1C_vRhyme_unbinned_102",343.682792404144,3.37054998181047,0.720928058197924,44.4731776567685,2.20177114318263e-10,1.2779079715032e-08
"123","CRr3G3H3I_vRhyme_unbinned_3",582.490123978751,-0.386664964947954,0.513103967856763,11.3038731803899,0.00351071137817441,0.0186586934547747
"124","LABRr1A1B1C_vRhyme_unbinned_18",419.473274514917,3.52978340145453,0.576630507942589,38.120357002708,5.27557319275471e-09,1.73974015970161e-07
"125","LASCr2D2E2F_vRhyme_unbinned_114",74.2191391197455,-0.844701783573896,0.54823881071937,10.5869460768532,0.00502428040424647,0.0246291583329785
"126","BAr3G3H3I_vRhyme_unbinned_40",24.653246509919,0.278277303545961,0.622556512961787,36.0360949174253,1.49575827443964e-08,4.42927603308554e-07
"127","SEr3G3H3I_vRhyme_unbinned_108",26.4486384211325,-1.95652286990076,0.653187922080672,12.68717089072,0.00175798775444607,0.0110906097030489
"128","MGr2D2E2F_vRhyme_unbinned_48",273.456599669607,0.0839288251436858,0.749372282210008,11.7742720419353,0.00277491261889047,0.0154806433091146
"129","SEr2D2E2F_vRhyme_unbinned_154",19.1917699241547,-2.45415088495347,0.662645244719101,37.5168575856601,7.13375000889983e-09,2.30023805842526e-07
"130","LABRr1A1B1C_vRhyme_bin_18",4687.80801441409,0.450728969267687,1.21269350674828,12.5193497409434,0.00191186730010608,0.0117208613972197
"131","SEr3G3H3I_vRhyme_unbinned_144",121.015982596001,1.35904809562944,0.430165921937916,9.87109420585209,0.00718652809960729,0.0323840132687273
"132","SEr2D2E2F_vRhyme_unbinned_39",32.4207518469841,-0.000300404387834519,0.580431872248349,10.4337570926764,0.00542423422425671,0.0260614697331009
"133","BAr3G3H3I_vRhyme_unbinned_46",62.5621764257538,-0.21413019781479,0.531124917586658,45.1052773056714,1.60514208172751e-10,9.70442150244425e-09
"134","SEr2D2E2F_vRhyme_unbinned_67",11.925524574202,-2.17487863553073,0.791803903755641,16.8504510208105,0.00021926587785015,0.002032079063686
"135","SEr3G3H3I_vRhyme_bin_24",321.636584520272,-1.83397935498408,0.646986223121088,28.3140577331847,7.10690455733519e-07,1.43223868231852e-05
"136","BAr1A1B1C_vRhyme_unbinned_55",2.38395223172915,-4.63880762113816,1.39889304995736,13.4986588031122,0.00117166507417533,0.00801927369164343
"137","MHr3G3H3I_vRhyme_bin_3",28.6852221184935,-2.24979511224738,0.855574482582107,12.533801359548,0.00189810230309768,0.0117197720927436
"138","MHr3G3H3I_vRhyme_unbinned_7",106.684083323016,2.30212794759536,0.727165848968173,18.1998161369144,0.00011167607457205,0.00118278820586893
"139","BAr1A1B1C_vRhyme_unbinned_76",12.5045662593226,0.803652612181126,0.562814783071618,12.172696813591,0.00227369638864579,0.0134376844394102
"140","MGr2D2E2F_vRhyme_unbinned_27",2147.3214958224,4.89712557207128,1.21339226919867,14.772827933529,0.000619613930410897,0.00478223304801176
"141","MHr2D2E2F_vRhyme_bin_18",24.1485115276233,0.177378201789212,0.973125518500235,11.0342064313901,0.00401746884303254,0.0203823331861546
"142","CRr2D2E2F_vRhyme_bin_2",630.167182329625,2.51095613615679,0.737910200347633,13.6948605268428,0.00106218171603563,0.00740973879792166
"143","BAr2D2E2F_vRhyme_bin_17",135.176695323891,-2.03691856198005,0.596746524722668,22.096936403397,1.5911503787468e-05,0.00020799632428483
"144","LASAr3G3H3I_vRhyme_bin_5",22.7604787812446,-0.677916773798484,0.533771119157942,9.98723722974994,0.00678108191772422,0.0310389585571541
"145","MHr3G3H3I_vRhyme_unbinned_4",499.344524898593,-0.742579337543458,1.05253915674046,11.0413815473875,0.0040030817632227,0.0203806022401268
"146","BAr2D2E2F_vRhyme_unbinned_33",40.9306261163875,-4.14618119786621,1.04603451766945,13.7354136709571,0.00104086119593418,0.00729608500145164
"147","MHr3G3H3I_vRhyme_bin_12",187.030483097191,-1.97494089368789,0.899211732915411,27.7613166931649,9.36928985704837e-07,1.76510041160474e-05
"148","MGr1A1B1C_vRhyme_unbinned_5",779.017601457069,0.352745521325742,1.16363720077531,13.3836386895505,0.00124102286933936,0.00841459898790382
"149","CRr2D2E2F_vRhyme_unbinned_61",27.4992392856678,0.0378014932078946,0.613583384472552,14.3633041724342,0.000760410540078507,0.00568740048275213
"150","BOr2D2E2F_vRhyme_unbinned_24",42.2117221595264,1.12076525712137,0.582254621223105,18.2277398322389,0.000110127704437637,0.00117496543484567
"151","MGr1A1B1C_vRhyme_unbinned_3",124.323881838326,0.12280255713137,0.700042866016729,18.2331897725688,0.00010982801823214,0.00117496543484567
"152","BAr3G3H3I_vRhyme_unbinned_43",34.8481339560068,-1.08661707727006,0.613714740250673,41.1278361121126,1.17274573432159e-09,4.59906502838008e-08
"153","MGr3G3H3I_vRhyme_unbinned_74",312.483581380522,-0.292664645309394,0.883725199843441,12.0987496277576,0.00235933656998272,0.0138244727685025
"154","MHr1A1B1C_vRhyme_unbinned_38",1255.96733483278,2.75340885124398,0.916622556599098,17.999650064565,0.000123431398707543,0.00129781854728004
"155","MGr3G3H3I_vRhyme_unbinned_72",393.787423468636,-0.0811199803249387,0.729185860634093,10.671315795133,0.00481674014800743,0.0239352395710917
"156","SEr3G3H3I_vRhyme_unbinned_87",54.5335886539516,4.04450462547271,0.883973635398479,19.3011488591693,6.43885697098387e-05,0.000747422517191808
"157","MHr2D2E2F_vRhyme_unbinned_11",57.3983028431884,-1.54540661818971,0.751492855654458,10.9595687926555,0.00417022871761029,0.0210104231571268
"158","BAr3G3H3I_vRhyme_unbinned_30",15.8394272857839,-1.89319555028762,0.652998372242451,16.8106688533182,0.000223670979672945,0.002032079063686
"159","LAWAr2D2E2F_vRhyme_unbinned_28",15.0644756132478,0.552897130514763,0.642587813662281,15.3982316121772,0.0004532277469869,0.00371544328179656
"160","MHr3G3H3I_vRhyme_unbinned_9",117.831346760538,-0.423527458100415,0.987143650278972,11.3678647435464,0.00340016142082697,0.0182052923307009
"161","CRr2D2E2F_vRhyme_bin_12",679.386026365124,1.1200623035252,0.633182113400694,20.5461901580572,3.45502739384307e-05,0.000432176271419508
"162","LAWAr2D2E2F_vRhyme_unbinned_38",87.3868242092927,-1.34012076839952,0.663270977967916,8.77547227018145,0.0124288345975599,0.0494088739755054
"163","MGr2D2E2F_vRhyme_unbinned_73",252.253874284076,0.952805541125838,0.601673256614532,9.95384441411574,0.00689525209049,0.0312656586978156
"164","SEr3G3H3I_vRhyme_unbinned_251",29.600585896996,-2.53637167468974,0.96862655854069,20.2781091191673,3.95061358722246e-05,0.000489943616671776
"165","MHr3G3H3I_vRhyme_unbinned_27",230.567584006514,2.30557394776699,0.648377582758357,16.6143657785446,0.000246738153910232,0.00215672928508281
"166","MGr3G3H3I_vRhyme_unbinned_57",549.015373810891,0.043490077559585,0.748884084377249,12.0002798896726,0.00247840531237022,0.0141781361749536
"167","SEr3G3H3I_vRhyme_unbinned_93",29.280247299969,-1.52385192185952,0.871055104274938,16.9012826857125,0.000213763275845743,0.00200110008549789
"168","MGr2D2E2F_vRhyme_unbinned_80",1321.22133513055,-0.542337903974394,0.725012837960855,10.6399294475162,0.00489292632624769,0.0241749646327837
"169","MGr1A1B1C_vRhyme_unbinned_65",852.434506302156,2.8422582506012,1.47505215104621,11.1072446367764,0.00387340110888649,0.019987724131876
"170","CRr2D2E2F_vRhyme_unbinned_36",77.4544432546937,1.7472347519686,0.459956637850344,13.8043445176334,0.00100559863426694,0.00708312436078315
"171","CRr2D2E2F_vRhyme_unbinned_67",137.161873082655,1.13176083338346,0.703708915451968,12.0309088610116,0.00244073896625501,0.0141096105180718
"172","SEr2D2E2F_vRhyme_unbinned_55",33.1474608126694,0.597599801080491,0.544301597349179,11.570130188462,0.00307311032760578,0.016586604311161
"173","MHr2D2E2F_vRhyme_bin_15",184.521610920424,-1.8868431090079,0.92330837948845,19.2115541100236,6.73385918827672e-05,0.000775462673189644
"174","LABRr1A1B1C_vRhyme_unbinned_29",195.786554473565,-1.04576085582362,1.08244668598215,16.6800050612744,0.00023877173869156,0.00211254751732594
"175","MGr3G3H3I_vRhyme_unbinned_50",992.043514656576,0.23280169998189,0.953320167473203,11.5689135037682,0.00307498039951917,0.016586604311161
"176","MHr3G3H3I_vRhyme_unbinned_52",533.689540857475,-0.75223042491488,1.0121730009304,11.765163244553,0.00278757950040898,0.0154806433091146
"177","BAr3G3H3I_vRhyme_unbinned_34",71.5923257394244,-0.152104755903638,0.508332394509516,57.733774728,2.90582936403462e-13,3.83305309746749e-11
"178","SEr2D2E2F_vRhyme_unbinned_28",81.3015439343778,-0.841498126513604,0.458173242728748,19.820878850435,4.96536117843537e-05,0.000610571107619469
"179","SEr2D2E2F_vRhyme_unbinned_169",7.6015764527301,-0.457449387861173,0.882862684106839,19.154321560335,6.92934079154957e-05,0.000788682637913742
"180","BAr1A1B1C_vRhyme_bin_22",503.864360415715,1.36349898712533,0.509047350478991,10.1275303735591,0.00632171221905281,0.0296122455917432
"181","SEr2D2E2F_vRhyme_unbinned_166",5.67640042894511,-1.12577304217749,0.757640832131156,12.4159465342877,0.00201331378106172,0.012121652681828
"182","BOr3G3H3I_vRhyme_unbinned_6",134.394570413027,-2.22050578887157,0.645773095286094,14.1251859316033,0.000856554196236884,0.0062143006936986
"183","MHr1A1B1C_vRhyme_unbinned_16",141.695170537209,-0.451519849985515,0.643465238718247,10.4845838644266,0.00528812291686094,0.0255768878412174
"184","CRr3G3H3I_vRhyme_unbinned_58",72.5177016912283,-2.55983193008559,0.79577990068238,30.726524290114,2.12725731807972e-07,4.89944502941854e-06
"185","MHr2D2E2F_vRhyme_unbinned_30",71.6197312022298,-2.0820876934598,0.734187783537353,12.7707192892281,0.00168606200343339,0.010777427167321
"186","SEr2D2E2F_vRhyme_unbinned_177",87.5325147889913,-2.49528520059894,0.911907115590321,12.8156794365115,0.00164858205975117,0.0106315225275509
"187","LASCr2D2E2F_vRhyme_unbinned_118",59.7819999218359,-0.269534973873368,0.837898349815695,10.7449661741446,0.00464258903316393,0.0231491295090064
"188","CRr2D2E2F_vRhyme_unbinned_47",222.68388846849,0.7657444971936,0.708931621332915,10.2545402095987,0.00593273412987232,0.0279493416313141
"189","SEr2D2E2F_vRhyme_unbinned_47",18.7623657665009,-0.847702937915578,0.565320128306627,13.2036931203481,0.00135785835396172,0.00907950447741221
"190","LABRr1A1B1C_vRhyme_unbinned_92",927.098561610732,0.671623819760074,0.833669055747944,70.3486443425948,5.29646340953654e-16,1.5370336814475e-13
"191","MHr2D2E2F_vRhyme_unbinned_74",16.3050534400036,-1.80384678956103,0.698350558347341,9.00160100482882,0.0111001073180876,0.0452422913442276
"192","LAWAr2D2E2F_vRhyme_unbinned_49",126.56799318762,0.379893511981782,0.670007247118325,19.7035457555951,5.26537615339059e-05,0.000642021915846197
"193","MHr1A1B1C_vRhyme_bin_7",279.00326800252,0.0449688232825965,0.519679659777447,27.8148406610263,9.12187450180745e-07,1.74155788185824e-05
"194","SEr3G3H3I_vRhyme_unbinned_129",49.0567539502936,0.0741567896657861,0.61812378919216,23.4510822412712,8.0846680714762e-06,0.000115008366389333
"195","LASAr3G3H3I_vRhyme_unbinned_30",1099.47425633049,-0.054480335816423,0.535147630837941,30.4900299243165,2.39427552135771e-07,5.34475966383083e-06
"196","SEr3G3H3I_vRhyme_unbinned_210",8.42406149420265,0.391413518177253,1.00190676791696,26.5072628893427,1.75396530507062e-06,2.95930657867148e-05
"197","SEr2D2E2F_vRhyme_unbinned_185",1357.58674616364,-0.266153325756901,0.519362683446447,9.48359680710419,0.00872294469617178,0.0375860506377026
"198","SEr3G3H3I_vRhyme_unbinned_109",10.7984959474252,-1.18360006334318,0.78627054074382,13.5494170587805,0.00114230339930036,0.0078927725351658
"199","MGr1A1B1C_vRhyme_unbinned_2",423.195207318674,-0.244405215947632,0.791885807970312,16.8243359665347,0.000222147721933413,0.002032079063686
"200","SEr3G3H3I_vRhyme_unbinned_116",38.7716112086546,-0.720966555415665,0.757934977523814,9.38403775340964,0.00916815807881443,0.038784248899008
"201","LABRr1A1B1C_vRhyme_unbinned_86",381.301850731636,0.891315673566992,0.63782613557294,9.78240213633809,0.00751239415677075,0.0333348132155179
"202","CRr1A1B1C_vRhyme_unbinned_55",45.4287674056075,-1.79940815989409,0.900484253445369,12.6033582287263,0.00183322399851627,0.0114655518183065
"203","MGr3G3H3I_vRhyme_unbinned_67",853.59803867723,0.0775233305162878,0.742603172613957,11.054790243156,0.00397633347557649,0.0203157037783855
"204","MGr3G3H3I_vRhyme_unbinned_47",519.701416169633,0.148260768672942,0.926934246388116,9.10490191939301,0.0105413363055613,0.0434530652822996
"205","MGr3G3H3I_vRhyme_unbinned_99",3466.12794135445,0.158452204417341,0.779410174277074,11.4810649759889,0.00321305690547778,0.0172672058142528
"206","MHr3G3H3I_vRhyme_unbinned_40",170.129917896751,-0.84689955626841,0.997054229799113,15.2571486406442,0.000486353748959147,0.00392055160966513
"207","MGr1A1B1C_vRhyme_bin_11",562.071824896294,-0.822949477602526,0.552811290429881,77.9223041967435,1.20056764509608e-17,5.8067455101147e-15
"208","SEr2D2E2F_vRhyme_unbinned_127",18.291534621769,-2.20397469125965,0.849235331928532,8.92200754850224,0.0115507631078733,0.0468160817584473
"209","MGr1A1B1C_vRhyme_bin_14",1670.00984333227,-0.278527788929096,0.619223575957494,14.6718647624949,0.000651695987742125,0.00495084229431321
"210","SEr2D2E2F_vRhyme_bin_16",64.7925183187579,-1.29574742360656,0.45194176854876,14.2747007299787,0.000794855385419537,0.00579565409167713
"211","LAWAr2D2E2F_vRhyme_unbinned_32",128.831463598001,-1.82270861370887,0.581078995445577,44.3827544574423,2.30360134661334e-10,1.28558675151383e-08
"212","BAr2D2E2F_vRhyme_unbinned_48",28.8848008264043,-3.38504887703905,0.99953179083564,11.6068008497448,0.00301727725673421,0.0165379937826713
"213","SEr2D2E2F_vRhyme_unbinned_191",908.846761933114,0.927205266344267,0.554510708928574,13.6495208187829,0.00108653623415834,0.0075433687835586
"214","LABRr1A1B1C_vRhyme_unbinned_36",367.844592245993,-1.25539775600524,0.861213293706141,9.84581690629832,0.00727793250882074,0.0324931694470735
"215","MGr2D2E2F_vRhyme_unbinned_71",2665.81804434597,-0.910978705713734,1.01537865830035,11.3304030663367,0.00346444950087532,0.0184813096535665
"216","CRr2D2E2F_vRhyme_unbinned_9",6.79831524338214,-3.33268436804976,1.13975849688714,14.3856735830371,0.000751952958228319,0.00565328363932275
"217","BAr2D2E2F_vRhyme_bin_13",35.2437966812879,-1.74251156665428,0.699882511898425,10.357496957276,0.00563505439408583,0.0268080784453067
"218","SEr3G3H3I_vRhyme_bin_28",155.507838969523,0.576938688941246,0.852981079398454,9.42633750899597,0.00897628881376378,0.0381952934568072
"219","MHr3G3H3I_vRhyme_unbinned_32",83.2063391265085,3.81950560425943,0.646511266112828,51.2355737148736,7.4874947216901e-12,6.3907969653955e-10
"220","CRr3G3H3I_vRhyme_unbinned_5",19.4010405755372,-0.593541306249816,0.580354316453417,9.04583899445862,0.0108572795550973,0.0446286476896494
"221","MGr1A1B1C_vRhyme_unbinned_38",4499.67277533636,3.4755634183949,1.09331077080689,10.0177425601955,0.00667843713857642,0.0308611856308101
"222","BAr1A1B1C_vRhyme_bin_20",142.189807459124,0.948689882896456,0.524360126142961,9.63579839528201,0.00808375167788327,0.0353634955243586
"223","LASAr3G3H3I_vRhyme_unbinned_41",73.840725631013,-0.50309957261021,0.762319785890366,14.2993134307998,0.000785133559314401,0.00578288728205683
"224","LAWAr2D2E2F_vRhyme_bin_28",54.322393680621,0.933947130098493,0.738875114882955,8.86679701341404,0.0118740669271184,0.0475946715780355
"225","MGr1A1B1C_vRhyme_unbinned_63",346.075139088522,1.21959039055666,0.647469159282926,32.5605582772445,8.50285173385637e-08,2.09112506200434e-06
"226","BOr1A1B1C_vRhyme_unbinned_20",270.798050679127,-1.18687641607276,0.739441421026044,34.1900186451699,3.76471221483435e-08,9.93199531586299e-07
"227","MGr2D2E2F_vRhyme_unbinned_60",648.819542428318,8.54334518949256,0.804375714301679,71.304054802063,3.28489302550873e-16,1.19159494500329e-13
"228","BAr1A1B1C_vRhyme_unbinned_89",23.2678006076057,1.26648738902009,0.624694600027625,8.89865688731913,0.0116864124201275,0.0471027345044583
"229","CRr3G3H3I_vRhyme_unbinned_72",79.3000017728575,-1.77776787266756,0.750573883594888,13.9847552355597,0.000918859236366129,0.00656780665993721
"230","LASCr2D2E2F_vRhyme_unbinned_78",35.8604146388124,3.18011907363384,0.612739712212666,48.8161214135501,2.51023234392264e-11,1.82117356551587e-09
"231","BAr1A1B1C_vRhyme_bin_14",142.035387453332,-1.38064386250016,0.767900037679707,9.01304336988724,0.0110367828960429,0.0451109069919952
"232","MGr2D2E2F_vRhyme_unbinned_85",520.357669380783,2.9971863345439,0.878736064766934,10.8281865281787,0.00445337401673389,0.0222822265457961
"233","BAr1A1B1C_vRhyme_unbinned_1",215.192910087903,-2.27890161245345,0.627278556840287,19.3155054069728,6.39280258528526e-05,0.000747422517191808
"234","MGr3G3H3I_vRhyme_unbinned_25",626.243956315039,0.228669529928952,0.690898944495008,9.86109390831774,0.00722255179609178,0.0324455809787281
"235","CRr2D2E2F_vRhyme_unbinned_89",822.485977367856,-0.796713159304239,0.699906682229855,13.2620633359468,0.00131880181835386,0.00885917332607154
"236","BOr1A1B1C_vRhyme_unbinned_38",40.3363734915384,-0.0730187659183805,0.777394612339152,36.1403927652622,1.41975505651373e-08,4.3831161425562e-07
"237","CRr2D2E2F_vRhyme_bin_18",42.4280863098783,4.32799511924496,0.741560704041832,35.3847739221379,2.0715430883692e-08,5.74977918823704e-07
"238","SEr2D2E2F_vRhyme_unbinned_120",37.1493744635627,0.315257077965661,0.825228865038377,11.9282584348418,0.00256928091863861,0.014449715554049
"239","SEr3G3H3I_vRhyme_unbinned_78",321.121028986119,-0.0273887677766165,0.534707703030567,16.3248652775797,0.000285167839990265,0.00243399138721103
"240","BOr3G3H3I_vRhyme_bin_1",144.269361804725,-0.771274982259398,0.659710040895403,13.0504015928906,0.00146602474492897,0.00953902199503107
"241","SEr2D2E2F_vRhyme_unbinned_137",269.42293666373,-1.67562371004994,0.643916417063293,34.0607581708038,4.0160613495313e-08,1.04059018181606e-06
"242","CRr3G3H3I_vRhyme_unbinned_87",1427.25390251147,-2.97252716351694,0.655191049577561,42.5096038542107,5.87701513449681e-10,2.50810263533967e-08
"243","LAWAr2D2E2F_vRhyme_unbinned_26",218.995172777542,0.59929712835193,0.80400924951626,111.217298857571,7.07083018096887e-25,1.02597745925858e-21
"244","MGr3G3H3I_vRhyme_unbinned_55",115.214441255604,-1.10863301677372,1.16928640271024,14.8222857966786,0.000604479441044745,0.00474107929165365
"245","MGr3G3H3I_vRhyme_unbinned_70",469.880451195291,-6.59577484137588,0.980477688050011,58.8584101130929,1.65599353567269e-13,2.51307845708758e-11
"246","MGr1A1B1C_vRhyme_unbinned_33",199.323680125069,0.972452426468029,0.810746452521225,28.0952057832681,7.92872911061203e-07,1.55467377560785e-05
"247","MGr3G3H3I_vRhyme_bin_5",2347.71820615579,-0.247834482769426,0.974055278142817,9.63389694947875,0.00809144074023918,0.0353634955243586
"248","SEr3G3H3I_vRhyme_unbinned_268",188.40596250997,0.323325132482879,0.534674080104793,10.3368362594298,0.00569356818575701,0.0269979328023968
"249","LAWAr2D2E2F_vRhyme_bin_22",108.607555842822,0.319194908989102,0.678841431094808,11.9895978293105,0.00249167796320687,0.0141781361749536
"250","SEr2D2E2F_vRhyme_unbinned_150",140.566838745559,-1.71003213281746,0.718691821416312,11.1322459405113,0.00382528245396692,0.0198942108985878
"251","MGr3G3H3I_vRhyme_unbinned_17",200.713552432388,0.218037457712663,0.453010573904364,33.5339077448915,5.22642177825662e-08,1.33044526320182e-06
"252","MGr3G3H3I_vRhyme_unbinned_89",5317.93988047845,3.43991280394681,1.04153969822406,9.15585606680628,0.0102761661265639,0.0425467693994171
"253","LASCr2D2E2F_vRhyme_unbinned_8",1264.862625452,-0.380913925812086,0.534465669700811,22.6739910529357,1.19235451758102e-05,0.000163217585378308
"254","LAWAr2D2E2F_vRhyme_unbinned_47",172.914860785304,2.50550211150582,0.567032539174305,31.7572764316976,1.27055960224462e-07,3.0726366380949e-06
"255","LAWAr2D2E2F_vRhyme_unbinned_60",8.64098096447826,0.625252905129114,0.712213050106781,17.6177468968989,0.000149401469627552,0.00150542730853874
"256","BAr2D2E2F_vRhyme_unbinned_20",41.7513304203499,-4.58236632140046,1.05345628043743,16.4423331550051,0.000268901187784186,0.00232073648193145
"257","SEr3G3H3I_vRhyme_unbinned_260",178.785273831643,-2.39766417761203,1.03967441610579,12.0435070635223,0.00242541282550165,0.0140770960392116
"258","LAWAr2D2E2F_vRhyme_unbinned_67",9.48984236969998,-1.30172358425325,0.9367341731123,11.9913367805261,0.00248951245156164,0.0141781361749536
"259","MGr3G3H3I_vRhyme_unbinned_71",115.892303658643,0.116921440537551,1.06326536810398,17.0912094102185,0.000194397659599181,0.00185573028998955
"260","MGr3G3H3I_vRhyme_unbinned_61",220.316186592145,-3.91495471913409,0.784642247575092,30.3009333108744,2.63169729018567e-07,5.78574661827183e-06
"261","CRr1A1B1C_vRhyme_unbinned_37",22.6980332654226,-1.70097846251429,0.707188876697073,9.014407358893,0.0110292584368899,0.0451109069919952
"262","BAr3G3H3I_vRhyme_unbinned_52",16.8432507095888,-0.0193700832163016,0.567835043257372,24.186609577858,5.59686023976344e-06,8.54846758725975e-05
"263","MGr1A1B1C_vRhyme_unbinned_87",892.54685613895,0.66938058315764,0.684804072135057,14.5227538448025,0.000702140576612576,0.00530628112846275
"264","SEr2D2E2F_vRhyme_unbinned_133",230.998922071143,-0.330336446003955,0.533204784739797,35.8668143112593,1.62787191520742e-08,4.72408429793194e-07
"265","MGr1A1B1C_vRhyme_unbinned_54",866.962186552456,2.26117311574068,0.938874774162616,10.505880711259,0.00523211149091058,0.025390614626459
"266","LASCr2D2E2F_vRhyme_bin_12",555.862338305761,-1.42845608778578,0.74026635525353,12.0495874263075,0.00241805032789507,0.0140770960392116
"267","SEr3G3H3I_vRhyme_bin_21",60.4621239129565,1.30988833825168,0.461994670696548,22.5345115405835,1.2784772159642e-05,0.000173371069192902
"268","MGr1A1B1C_vRhyme_unbinned_27",190.539548541589,1.02132501523987,0.848186128767943,28.1306260252174,7.7895464674603e-07,1.54830574305273e-05
"269","LASCr2D2E2F_vRhyme_unbinned_31",58.0780795753179,-1.09349481736423,0.738934872987757,11.2887175075418,0.00353741602867732,0.0186646933004029
"270","MGr3G3H3I_vRhyme_unbinned_12",378.937591513783,-0.0411054207003577,0.756939667652433,10.5261688182258,0.00517930496107038,0.0252186963037353
"271","LASCr2D2E2F_vRhyme_unbinned_46",71.324427699932,0.73149480139165,0.488026054220918,42.9207064226228,4.78505595479717e-10,2.16730325506778e-08
"272","CRr2D2E2F_vRhyme_unbinned_53",232.017749031675,-0.168392694355818,0.580942534625354,25.6510567930731,2.69118646499683e-06,4.43739950080728e-05
"273","LAWAr2D2E2F_vRhyme_unbinned_87",40.8720344581358,0.0283410268507943,0.638996524091477,9.6013083593284,0.0082243650764395,0.0357292027721967
"274","BAr2D2E2F_vRhyme_bin_12",62.207063209221,-0.154669927046951,0.628223412985912,8.84945521773555,0.0119774734140425,0.047876897861641
"275","LASCr2D2E2F_vRhyme_unbinned_108",11.3091595644853,1.42845677876938,0.659918456149591,12.4974236460188,0.00193294250521311,0.0117798878691079
"276","LABRr1A1B1C_vRhyme_unbinned_104",191.284610289974,3.27986290416051,0.840096971197496,14.2821305501216,0.000791908047080926,0.00579565409167713
"277","CRr1A1B1C_vRhyme_unbinned_26",88.3528204312524,0.0068658164091016,0.688667811440071,42.8777350749085,4.88897853190897e-10,2.16730325506778e-08
"278","MGr2D2E2F_vRhyme_unbinned_4",351.346518398466,0.632040527981118,1.16726467883449,24.1606526986856,5.66997216536834e-06,8.56992667911402e-05
"279","LASCr2D2E2F_vRhyme_unbinned_42",32.084919503923,4.14964138413007,0.871761359251045,35.4186189304593,2.03678234082031e-08,5.74977918823704e-07
"280","MGr1A1B1C_vRhyme_unbinned_24",1363.40224739459,2.07618093498773,0.645957216431163,9.61042088733868,0.00818697793539739,0.0356735885413262
"281","LABRr1A1B1C_vRhyme_unbinned_113",114.422561289952,-3.3705334182834,1.32506946797403,16.9954502213502,0.00020393176391748,0.00193401953885139
"282","BAr2D2E2F_vRhyme_bin_11",75.0453021991505,-1.02568629410422,0.560833713070787,17.1274703975007,0.000190904892539954,0.00183445694751969
"283","CRr2D2E2F_vRhyme_unbinned_95",1271.90780725222,-2.62540907868879,0.655292905029605,30.6363924981653,2.22531705451029e-07,5.04521100952255e-06
"284","LABRr1A1B1C_vRhyme_unbinned_91",75.2361316678707,0.593371360672022,1.34289739933479,20.6822390423191,3.22781663351301e-05,0.000414474507542245
"285","CRr2D2E2F_vRhyme_unbinned_55",204.587997589163,-0.191179215941842,0.874398644540089,18.3274947065382,0.000104769552981971,0.00113880281846522
"286","SEr3G3H3I_vRhyme_unbinned_297",16.1243229307381,-2.69554137938971,0.770236397569315,17.4675279404994,0.000161055107288492,0.00158973442636463
"287","MGr1A1B1C_vRhyme_unbinned_59",186.214965522841,1.73284176258335,0.599025519440273,43.3058203310028,3.94694066818804e-10,1.90900363651362e-08
"288","MGr1A1B1C_vRhyme_bin_2",5954.12821939972,-0.724787477118267,1.0090628819415,11.102473313816,0.00388265276398004,0.019987724131876
"289","CRr1A1B1C_vRhyme_unbinned_22",54.6393735078772,-0.195496140469262,0.896791042596863,10.4013891439279,0.00551273410014755,0.0263266624636022
"290","LASCr2D2E2F_vRhyme_bin_17",48.9110805088161,-1.35803360667721,0.734605145929975,15.1921486748871,0.00050241989813028,0.00400555644058811
"291","LABRr1A1B1C_vRhyme_unbinned_119",38.9564643467204,0.773272561137604,0.58605048740844,44.2466166386221,2.46586488141989e-10,1.32517405294084e-08
"292","LABRr1A1B1C_vRhyme_unbinned_108",219.972175557055,1.10793411147017,0.585755789545258,9.15274676214314,0.0102921544170885,0.0425467693994171
"293","LAWAr2D2E2F_vRhyme_unbinned_51",7.49984995197945,3.3677889314875,1.06568601979523,11.2633182745791,0.00358262632466077,0.0188347492647927
"294","LASCr2D2E2F_vRhyme_unbinned_88",9.47033885639902,3.36900149553389,1.03036621997311,11.0917386403019,0.00390354829538822,0.020014305924411
"295","BAr1A1B1C_vRhyme_unbinned_69",139.028730094288,0.261508166745253,0.858564736335472,11.7794049463622,0.00276780006917107,0.0154806433091146
"296","CRr2D2E2F_vRhyme_unbinned_7",15.8807660054743,-0.36730582328377,1.00314782793117,15.2624819897705,0.000485058529520019,0.00392055160966513
"297","MHr2D2E2F_vRhyme_unbinned_13",11.7248319441619,-1.34412660829713,0.599593585629157,9.99045184836058,0.00677019137623667,0.0310389585571541
"298","LABRr1A1B1C_vRhyme_unbinned_111",61.6185025233874,0.0537218908554969,0.830695791307788,63.457812295834,1.66077631717783e-14,3.01223304528129e-12
"299","LASCr2D2E2F_vRhyme_unbinned_111",143.83814391076,2.28789460542633,0.587201811900517,27.4359100570212,1.1024726595681e-06,1.99960978629164e-05
"300","SEr2D2E2F_vRhyme_unbinned_30",86.5023917495592,1.18048858717596,0.804473588656614,33.2645606285577,5.97987957424425e-08,1.49600090728076e-06
"301","BAr2D2E2F_vRhyme_unbinned_34",7.24428444831562,-1.61122296926694,0.793497326096386,9.48209522726283,0.00872949625424244,0.0375860506377026
"302","MHr3G3H3I_vRhyme_bin_4",174.513774482981,-1.98010457092071,0.944640319747907,9.95896480823428,0.00687762146493298,0.0312656586978156
"303","MGr3G3H3I_vRhyme_unbinned_93",422.54605123371,-2.8954159355204,0.700205161848516,15.0773250975246,0.000532108815692807,0.00419614071505578
"304","MHr2D2E2F_vRhyme_unbinned_70",16.0912712891335,1.86830354358391,0.791363944519066,9.20176771377286,0.010042955285495,0.0419951818998654
"305","LASCr2D2E2F_vRhyme_unbinned_2",137.751881580576,-0.035040791988334,0.787139643328103,49.0479483859533,2.23549309961672e-11,1.70721078291782e-09
"306","SEr3G3H3I_vRhyme_unbinned_79",7.49084171166966,1.37194865286661,0.870400187667877,8.7489723093254,0.0125946122627831,0.049931099435241
"307","MGr3G3H3I_vRhyme_unbinned_34",378.952772241673,1.18883677905873,0.580982785885115,9.74445649220945,0.00765628617688049,0.0337667818925641
"308","BAr3G3H3I_vRhyme_unbinned_38",35.2868439160596,0.0079332980486626,0.578949374502258,24.8864560331247,3.94434355574761e-06,6.3439426278787e-05
"309","MGr2D2E2F_vRhyme_unbinned_65",557.723985649315,0.0869160937818827,0.515670323853631,23.2554319034369,8.91552916491155e-06,0.000125596435128997
"310","LAWAr2D2E2F_vRhyme_bin_21",39.3436894346921,0.381103014642986,0.707232522519534,11.6047466370444,0.00302037791344445,0.0165379937826713
"311","CRr1A1B1C_vRhyme_unbinned_60",68.6718728966258,-1.75396641448254,0.550096191934439,14.743281288325,0.00062883563679525,0.00482772756079316
"312","SEr2D2E2F_vRhyme_unbinned_124",6.82828350796993,-1.84083651837909,0.81344173628258,9.16355736646684,0.0102366722964673,0.0425467693994171
"313","CRr1A1B1C_vRhyme_unbinned_2",136.149119099903,0.327188247585852,0.6744823548887,16.5611127757774,0.00025339617424346,0.0022016637654327
"314","CRr3G3H3I_vRhyme_unbinned_11",44.0584297678241,1.1620774896829,0.606648369145551,12.3960520719253,0.00203344061586377,0.0121922410480096
"315","LASAr3G3H3I_vRhyme_unbinned_8",2.96027989208989,-1.21972556563698,0.996689772715359,9.19311226518096,0.0100865126111527,0.0420561201114441
"316","MHr3G3H3I_vRhyme_unbinned_18",86.9660520745727,1.75743071016675,0.637547400713825,29.4605318956344,4.0061460850489e-07,8.54840877853816e-06
"317","MGr2D2E2F_vRhyme_unbinned_22",244.144121538932,1.06209601485829,0.536138473085914,12.1687379288335,0.0022782014969641,0.0134376844394102
"318","BAr3G3H3I_vRhyme_unbinned_36",34.4591667752464,-0.431742272010221,0.504064535099683,43.3132443005052,3.93231684311339e-10,1.90900363651362e-08
"319","LABRr1A1B1C_vRhyme_unbinned_15",33.3672209541158,-0.755876470413231,0.697158809941236,22.2117427458076,1.50238537059334e-05,0.000198178288430085
"320","LASCr2D2E2F_vRhyme_unbinned_49",43.2387623374241,-0.949834903402151,0.64255614507315,9.44374174924664,0.00889851495973398,0.0379757211958059
"321","CRr3G3H3I_vRhyme_unbinned_50",238.238369164146,0.467181769200422,0.678867611531013,16.4319604650659,0.000270299424842464,0.00232073648193145
"322","BAr1A1B1C_vRhyme_unbinned_30",48.5673893046316,-1.45479812693942,0.699013755551138,13.4777607004513,0.00118397204880683,0.00806546217285777
"323","LAWAr2D2E2F_vRhyme_unbinned_35",13.1012095564805,-1.71849938556528,0.71514843051485,9.22936695500394,0.00990531816688016,0.0416597584351974
"324","LASYr2D2E2F_vRhyme_unbinned_8",91.1499016293547,-0.677891608489794,0.573435933876595,10.4370236844439,0.00541538207588232,0.0260614697331009
"325","MGr3G3H3I_vRhyme_unbinned_4",378.922099622442,0.19198550737304,0.719035448578446,12.7455140485166,0.0017074452622881,0.0108332548815001
"326","BAr1A1B1C_vRhyme_bin_15",239.355748966049,-0.317554470206875,0.723525223878745,24.5309474822088,4.71164364732144e-06,7.43108144811241e-05
"327","LABRr1A1B1C_vRhyme_unbinned_83",163.610499707932,-1.39009736022488,0.771095431520517,13.1368426035436,0.00140401217498862,0.00930238203611182
"328","SEr3G3H3I_vRhyme_unbinned_204",32.6852408788085,-1.31466307642817,1.01075930239779,16.8062988556301,0.000224160234821292,0.002032079063686
"329","SEr3G3H3I_vRhyme_unbinned_203",3.75292097353612,-3.3450456665511,1.36422558712941,10.1203138868105,0.00634456369733649,0.0296122455917432
"330","MGr2D2E2F_vRhyme_unbinned_66",274.656439309646,4.01023846052495,0.927682952072519,27.9012926710813,8.7359728871246e-07,1.69011955456237e-05
"331","SEr2D2E2F_vRhyme_unbinned_65",247.955197636408,-2.04933376068835,0.707543338418928,15.2113103125721,0.000497629289724005,0.00398928231706924
"332","BOr1A1B1C_vRhyme_bin_4",28.1645027844403,-1.1605631201152,0.533429532534158,10.9877479088655,0.00411188402841783,0.0207886540948929
"333","SEr3G3H3I_vRhyme_unbinned_94",29.8723415307104,2.05059905673022,0.931324266887622,13.2689437035084,0.00131427269270733,0.00885917332607154
"334","MGr3G3H3I_vRhyme_unbinned_63",365.473591725972,-0.730893301115229,0.909407170792402,22.8935695377304,1.06837702307789e-05,0.000149059140431348
"335","MGr3G3H3I_vRhyme_unbinned_53",350.250789870771,-3.76555589946302,1.12058346526759,9.24779299494098,0.00981447936519131,0.0413977022060831
"336","BAr3G3H3I_vRhyme_unbinned_39",21.4013410257517,-0.158253381545611,0.645330908126744,38.9188416088892,3.5390029414003e-09,1.20731659493768e-07
"337","CRr1A1B1C_vRhyme_unbinned_18",491.582703038306,-0.468717400493013,0.555843181523151,17.2539084217162,0.000179209649564307,0.0017335546767854
"338","LAWAr2D2E2F_vRhyme_bin_24",60.9239643149482,2.7550506881329,0.832304192149671,14.3280260768056,0.000773942452121623,0.00572954335728813
"339","LASCr2D2E2F_vRhyme_unbinned_86",12.9170883296433,-0.926997832902926,0.75452514614477,9.39581580194225,0.0091143252404363,0.0386692570873481
"340","MGr3G3H3I_vRhyme_unbinned_22",2219.03810122254,-0.394800747433475,0.563518953548516,11.1757321002036,0.00374300673724894,0.0195363409199576
"341","MGr1A1B1C_vRhyme_bin_12",1334.5361900878,0.250598631962877,0.583737918861794,31.583010220397,1.38623375473873e-07,3.29741832479654e-06
"342","MGr3G3H3I_vRhyme_unbinned_77",153.254996963637,-1.4004734126856,0.50937056620771,58.7687014085241,1.73196309930226e-13,2.51307845708758e-11
"343","CRr3G3H3I_vRhyme_unbinned_64",555.925860958257,1.69690318277162,0.613612131654165,42.861395560518,4.92908390194601e-10,2.16730325506778e-08
"344","MGr1A1B1C_vRhyme_unbinned_50",143.579948240544,1.21381791599145,0.902469202473965,26.5391182109088,1.72625004620918e-06,2.94681037299943e-05
"345","SEr2D2E2F_vRhyme_unbinned_147",91.5044489139567,-2.98798656968839,1.01517381060819,15.4808400465628,0.000434888873260318,0.00358536224489046
"346","SEr3G3H3I_vRhyme_unbinned_236",43.7004638883184,1.08013286202594,0.62371557878682,14.7771893186432,0.000618264215116518,0.00478223304801176
"347","SEr3G3H3I_vRhyme_unbinned_154",245.88478343127,-0.388569669774042,0.541776016463553,18.9933183670236,7.51023142934034e-05,0.000838257369536372
"348","SEr3G3H3I_vRhyme_unbinned_64",17.4618478218663,-0.239791933614807,0.546378442597073,12.9712379530082,0.00152521640129091,0.00987986159943353
"349","MHr2D2E2F_vRhyme_bin_8",276.019280207273,-0.524573408689993,0.714892798468009,9.52338432351607,0.0085511272573589,0.0370378676132172
"350","LABRr1A1B1C_vRhyme_unbinned_77",88.5077106486456,1.76814007395919,0.913116545690248,10.0994825142724,0.00641099203011158,0.0298152225502946
"351","MGr2D2E2F_vRhyme_unbinned_79",1183.8860365639,3.29304826598153,0.932621110697469,35.3573010765285,2.10019501706798e-08,5.74977918823704e-07
"352","MGr2D2E2F_vRhyme_unbinned_15",336.773915827995,2.73465601280178,0.729756129198883,26.9298106653165,1.41992666413762e-06,2.51257754837034e-05
"353","SEr2D2E2F_vRhyme_unbinned_66",83.1817831794156,-0.38708224565909,0.559160723710469,9.46738361634667,0.00879394547781035,0.037751523338174
"354","SEr3G3H3I_vRhyme_unbinned_21",150.305255812352,-0.0990221554590795,0.529392765721726,22.5145964279889,1.29127131809891e-05,0.000173484692829771
"355","LASYr2D2E2F_vRhyme_unbinned_11",37.6311371417467,-0.286546554788087,0.757103270187151,31.3438069986739,1.5623516460948e-07,3.65640683626379e-06
"356","SEr2D2E2F_vRhyme_unbinned_183",592.006078214131,-1.33793081083774,0.614632153914168,12.5166662224538,0.00191443428748523,0.0117208613972197
"357","MGr1A1B1C_vRhyme_unbinned_15",921.899064671871,0.550925870116791,1.23421093044409,13.1230122856976,0.00141375478934799,0.00932435545156331
"358","SEr3G3H3I_vRhyme_unbinned_222",396.324679936768,0.427399466490249,0.547408821308227,20.5822276868521,3.39332959758043e-05,0.000428149673572974
"359","BAr2D2E2F_vRhyme_unbinned_39",108.74288143042,-4.38721709506252,0.950389548167516,17.9455092894655,0.000126818371002446,0.00131438183088964
"360","LABRr1A1B1C_vRhyme_unbinned_75",491.678079413887,4.58668180600066,1.26529323481063,16.7077896439389,0.000235477586774416,0.00209618391662379
"361","MHr2D2E2F_vRhyme_unbinned_47",17.103140687082,3.12405304565787,0.704506928786733,28.4907101024935,6.50610261123173e-07,1.32962744914046e-05
"362","SEr2D2E2F_vRhyme_bin_22",27.938983553041,2.35999063354376,0.895217626982655,9.98854427543802,0.0067766517735416,0.0310389585571541
"363","MGr3G3H3I_vRhyme_unbinned_26",996.412911152623,-0.707923209045475,0.988965518155973,13.8668987790853,0.000974633174011285,0.00689850114873353
"364","LABRr1A1B1C_vRhyme_unbinned_40",87.3830342374472,1.92055877812583,0.507043563670753,17.9476492843382,0.000126682748241529,0.00131438183088964
"365","BAr2D2E2F_vRhyme_bin_7",481.932094031588,-2.56352795650849,0.650644234960832,26.8541888236479,1.47464332374576e-06,2.57796079850011e-05
"366","CRr1A1B1C_vRhyme_unbinned_71",63.90766294471,-0.0809842201150754,0.809038080804005,14.7307888667196,0.000632775769381899,0.00483240863880598
