Sample,site,treatment,Host Phylum,mean_virus_abundance,mean_host_abundance,sd_virus_abundance,sd_host_abundance,se_virus_abundance,se_host_abundance,total_virus_abundance,total_host_abundance
BAr1A,Balmoral,Natural,Acidobacteriota,7.931467552631579,7.0156834526315786,2.6514888299163233,3.1845431178869443,0.6082932557648504,0.7305842964324801,150.6978835,133.2979856
BAr1A,Balmoral,Natural,Actinomycetota,11.1169113,5.739095171428572,10.092675664632639,7.379095880574028,3.8146728388359272,2.789036085785722,77.8183791,40.1736662
BAr1A,Balmoral,Natural,Armatimonadota,1.24305385,1.0725299,0.014333266586685805,0,0.010135150000000091,0,2.4861077,2.1450598
BAr1A,Balmoral,Natural,Desulfobacterota,6.7064743,10.436269,NA,NA,NA,NA,6.7064743,10.436269
BAr1A,Balmoral,Natural,Planctomycetota,1.3816457,1.2021377,0.1417170682932018,0,0.10020910000000005,0,2.7632914,2.4042754
BAr1A,Balmoral,Natural,Pseudomonadota,6.431705014285715,5.5603098214285716,6.418673560977001,3.270603058091803,1.7154626673371567,0.8741054351081883,90.0438702,77.8443375
BAr1A,Balmoral,Natural,Thermoproteota,3.4841683,2.345888,NA,NA,NA,NA,3.4841683,2.345888
BAr1B,Balmoral,Natural,Acidobacteriota,8.854658023333334,14.204356956666668,9.533339441259475,14.161286417121609,1.7405416867771704,2.585485337983006,265.63974070000006,426.1307087000002
BAr1B,Balmoral,Natural,Actinomycetota,6.17192078,8.01919038,3.47159035395257,3.209394310616169,1.0978132621560248,1.0148995931133007,61.71920779999999,80.1919038
BAr1B,Balmoral,Natural,Dependentiae,2.7684095,2.9545941,NA,NA,NA,NA,2.7684095,2.9545941
BAr1B,Balmoral,Natural,Desulfobacterota,3.6645076857142858,6.953893657142857,1.481803284505345,5.916731622948165,0.5600689975314047,2.2363143498046325,25.6515538,48.677255599999995
BAr1B,Balmoral,Natural,Planctomycetota,5.4535759175,15.196740625,2.738912645865254,8.37112578566312,0.968351852484455,2.9596399046039785,43.62860734,121.57392500000002
BAr1B,Balmoral,Natural,Pseudomonadota,6.726709116666667,9.665788583333333,7.068410949738265,12.078376692649618,2.040474482287143,3.4867270174374796,80.72050940000001,115.98946300000001
BAr1C,Balmoral,Natural,Acidobacteriota,8.910674727586207,9.198951234482758,6.6245773255876745,7.635330132929261,1.2301531267550332,1.4178452111277335,258.40956709999995,266.7695858
BAr1C,Balmoral,Natural,Actinomycetota,7.969895890909091,16.2170057,8.629500889201427,19.588958443749508,2.601892416138129,5.9062931992528505,87.6688548,178.38706269999997
BAr1C,Balmoral,Natural,Dependentiae,1.2552199,1.1724093,NA,NA,NA,NA,1.2552199,1.1724093
BAr1C,Balmoral,Natural,Desulfobacterota,3.9743657,8.694132,NA,NA,NA,NA,3.9743657,8.694132
BAr1C,Balmoral,Natural,Planctomycetota,3.82769015,3.92595815,0.3932435063533093,1.1906086497817012,0.27806515000000015,0.8418874500000001,7.6553803,7.8519163
BAr1C,Balmoral,Natural,Pseudomonadota,11.72390455,13.278037099999999,9.900918119560174,9.747466551348765,3.1309452184641455,3.0824195718568714,117.2390455,132.780371
BAr1C,Balmoral,Natural,Thermoproteota,3.0036366,2.0573566,NA,NA,NA,NA,3.0036366,2.0573566
BAr2D,Balmoral,Restored,Actinomycetota,3.491115,5.818723133333333,0,1.427096364449946,0,0.8239344701747126,10.473345,17.4561694
BAr2D,Balmoral,Restored,Pseudomonadota,1.9633350333333333,2.7809494,0.27672277358324404,0.9577082111891754,0.1597659678191858,0.5529330935351854,5.8900051,8.3428482
BAr2E,Balmoral,Restored,Acidobacteriota,18.36759717,18.258204709999998,29.515841959915523,24.34088784548836,9.333728765090132,7.697264586245187,183.6759717,182.58204709999995
BAr2E,Balmoral,Restored,Actinomycetota,3.3363598555555556,8.535139922222223,3.719699917786003,10.617960433471918,1.2398999725953344,3.5393201444906395,30.0272387,76.81625929999998
BAr2E,Balmoral,Restored,Planctomycetota,1.6228062,1.4333264,0.13990659209065168,0,0.09892889999999999,0,3.2456124,2.8666528
BAr2E,Balmoral,Restored,Pseudomonadota,16.9266255,21.305709999999998,9.110428115524567,2.509281550125455,6.4420455,1.7743300000000009,33.853251,42.611419999999995
BAr2F,Balmoral,Restored,Acidobacteriota,10.572114271428571,19.052106050000003,7.166770182751829,23.414778039047498,1.9153998995431867,6.2578626578195955,148.0095998,266.7294847
BAr2F,Balmoral,Restored,Actinomycetota,10.162752930000002,14.12377161,25.797931797645067,24.259558650582907,8.158022340224047,7.671546036628287,101.6275293,141.23771610000003
BAr2F,Balmoral,Restored,Planctomycetota,3.0665538999999997,6.8910670000000005,2.3388647277158805,4.830585779261145,1.3503441801448846,2.78894,9.1996617,20.673201
BAr2F,Balmoral,Restored,Pseudomonadota,6.633051854,6.4036672,8.274085894525363,10.606820039121137,3.7002837023661734,4.743514126516368,33.16525926999999,32.018336
BAr3G,Balmoral,Damaged,Actinomycetota,6.828151475,5.870255675,0.20973165000000016,1.300028336542614,0.10486582500000008,0.650014168271307,27.3126059,23.4810227
BAr3G,Balmoral,Damaged,Pseudomonadota,3.3798337,6.9970994,NA,NA,NA,NA,3.3798337,6.9970994
BAr3H,Balmoral,Damaged,Actinomycetota,14.369782,6.348707425,5.073988000000001,1.4318435288680658,2.5369940000000004,0.7159217644340329,57.479128,25.394829700000003
BAr3H,Balmoral,Damaged,Pseudomonadota,5.048187,7.7663283,NA,NA,NA,NA,5.048187,7.7663283
BAr3I,Balmoral,Damaged,Actinomycetota,6.79608948,6.39847702,2.8678836243788575,3.1419846187108824,1.2825565471339195,1.405138238339258,33.9804474,31.9923851
BAr3I,Balmoral,Damaged,Pseudomonadota,2.61399325,4.17329795,2.2659176699046513,4.3563831262245065,1.6022457499999998,3.0804280499999996,5.2279865,8.3465959
BOr1A,Bowness,Natural,Acidobacteriota,5.348902025,3.385005675,7.896049213728657,3.202238101642369,3.9480246068643283,1.6011190508211846,21.395608099999997,13.5400227
BOr1A,Bowness,Natural,Actinomycetota,2.006779,1.9110227,NA,NA,NA,NA,2.006779,1.9110227
BOr1A,Bowness,Natural,Desulfobacterota,9.18068765,7.80744385,8.040623690977068,6.643512782266828,4.020311845488534,3.321756391133414,36.7227506,31.2297754
BOr1A,Bowness,Natural,Desulfobacterota_B,1.77541495,2.10643825,0.07418335023174003,0.9044408383792304,0.05245555000000001,0.63953625,3.5508299,4.2128765
BOr1A,Bowness,Natural,Pseudomonadota,3.3020712846153844,6.26401433076923,1.7664108129923595,5.28741615840739,0.48991421229061416,1.4664653902965132,42.9269267,81.4321863
BOr1A,Bowness,Natural,Thermoplasmatota,0.98072666,1.27728,NA,NA,NA,NA,0.98072666,1.27728
BOr1B,Bowness,Natural,Acidobacteriota,3.0768835,6.242423133333333,3.0692950004745083,0.07316280760716702,1.77205829474633,0.04224056666666668,9.2306505,18.7272694
BOr1B,Bowness,Natural,Actinomycetota,2.477074,19.807278,NA,NA,NA,NA,2.477074,19.807278
BOr1B,Bowness,Natural,Desulfobacterota,9.85415275,6.7486343,4.711325582587231,3.288398541223974,2.3556627912936157,1.644199270611987,39.416611,26.994537199999996
BOr1B,Bowness,Natural,Pseudomonadota,3.5694522714285712,9.917981285714285,2.617615907993825,10.726851830967258,0.9893658172054558,4.054368899339604,24.986165900000003,69.425869
BOr1C,Bowness,Natural,Acidobacteriota,3.8396336,4.2970281,3.4174004138166185,3.2056165879990828,1.7087002069083093,1.6028082939995414,15.3585344,17.1881124
BOr1C,Bowness,Natural,Actinomycetota,5.449406,17.278568,NA,NA,NA,NA,5.449406,17.278568
BOr1C,Bowness,Natural,Desulfobacterota,10.99877715,11.557890575,2.2059722126687116,3.2553639271471106,1.1029861063343558,1.6276819635735553,43.9951086,46.2315623
BOr1C,Bowness,Natural,Pseudomonadota,3.4936440749999997,6.556891599999999,2.074288021642645,10.286812470373222,0.7333715631187712,3.636937427297623,27.949152599999998,52.4551328
BOr1C,Bowness,Natural,Thermoplasmatota,2.9662485,3.1295218,0,2.118190123260686,0,1.4977865999999997,5.932497,6.2590436
BOr1C,Bowness,Natural,Verrucomicrobiota,1.8391051,1.5894558,NA,NA,NA,NA,1.8391051,1.5894558
BOr2D,Bowness,Restored,Acidobacteriota,5.973120300000001,8.0080022,4.658243738643247,4.741036186266532,2.0832299310738125,2.1202558392556643,29.865601500000004,40.040011
BOr2D,Bowness,Restored,Actinomycetota,1.4180715,1.5000446,NA,NA,NA,NA,1.4180715,1.5000446
BOr2D,Bowness,Restored,Bacteroidota,1.31248705,1.1716592,0.14824092252061613,0,0.07412046126030807,0,5.2499482,4.6866368
BOr2D,Bowness,Restored,Desulfobacterota,11.6638805,10.4116197,5.654478081083257,6.902518551861051,2.8272390405416283,3.4512592759305254,46.65552199999999,41.6464788
BOr2D,Bowness,Restored,Desulfobacterota_B,10.277585,10.526164,NA,NA,NA,NA,10.277585,10.526164
BOr2D,Bowness,Restored,Planctomycetota,3.6472406,1.4781541,NA,NA,NA,NA,3.6472406,1.4781541
BOr2D,Bowness,Restored,Pseudomonadota,7.133611213333333,10.572693853333332,7.343019813670769,10.26085608622662,1.8959595632811985,2.6493416493191138,107.0041682,158.59040779999998
BOr2D,Bowness,Restored,Thermoplasmatota,4.646809,4.3822642499999995,0,3.15252817440016,0,2.2291740499999997,9.293618,8.764528499999999
BOr2D,Bowness,Restored,Verrucomicrobiota,1.0868561,1.1427729,NA,NA,NA,NA,1.0868561,1.1427729
BOr2E,Bowness,Restored,Acidobacteriota,7.566312242857143,10.252418871428572,11.419304086513433,15.051424126093455,4.316091251191165,5.688903587857281,52.9641857,71.7669321
BOr2E,Bowness,Restored,Actinomycetota,1.7459451333333333,1.2227505666666667,0.620113391192936,0.34025474161881036,0.3580226333333333,0.19644616666666673,5.2378354,3.6682517
BOr2E,Bowness,Restored,Desulfobacterota,9.407079925,8.4778388,5.100073327977709,5.532075154139516,2.5500366639888545,2.766037577069758,37.6283197,33.9113552
BOr2E,Bowness,Restored,Desulfobacterota_B,8.568404,7.6274433,NA,NA,NA,NA,8.568404,7.6274433
BOr2E,Bowness,Restored,Pseudomonadota,5.577999974999999,8.245981633333333,5.702016291769063,7.712493999513689,1.64603032048825,2.226405243371301,66.9359997,98.95177960000001
BOr2E,Bowness,Restored,Thermoplasmatota,3.143674,5.56839075,0,1.8630018620235262,0,1.3173412500000001,6.287348,11.1367815
BOr2E,Bowness,Restored,Verrucomicrobiota,1.3646207,1.0809729,NA,NA,NA,NA,1.3646207,1.0809729
BOr2F,Bowness,Restored,Acidobacteriota,4.25524352,4.43881528,3.9620366880933884,3.906444068765416,1.7718766727849895,1.7470148976120665,21.2762176,22.1940764
BOr2F,Bowness,Restored,Desulfobacterota,11.022203574999999,9.44288395,5.495322224147599,6.185419580687442,2.7476611120737995,3.092709790343721,44.088814299999996,37.7715358
BOr2F,Bowness,Restored,Desulfobacterota_B,9.721804,9.636315,NA,NA,NA,NA,9.721804,9.636315
BOr2F,Bowness,Restored,Pseudomonadota,3.931555064285714,6.5012279714285715,2.248368437531074,6.415862776926617,0.600901740891252,1.7147114537011034,55.041770899999996,91.0171916
BOr2F,Bowness,Restored,Verrucomicrobiota,1.7282859,1.46765,NA,NA,NA,NA,1.7282859,1.46765
BOr3G,Bowness,Damaged,Acidobacteriota,10.3032974,13.68156,9.481790838930161,0,6.7046386,0,20.6065948,27.36312
BOr3G,Bowness,Damaged,Actinomycetota,2.7187643,16.072289,NA,NA,NA,NA,2.7187643,16.072289
BOr3G,Bowness,Damaged,Desulfobacterota_B,7.3569578,7.6742834,1.8199382482927053,2.256660921708317,1.0507418375602895,1.3028837906180057,22.0708734,23.0228502
BOr3G,Bowness,Damaged,Pseudomonadota,3.7048332125,15.9532002,6.28025454834972,16.729260133419427,2.2204052893578723,5.914686642287322,29.638665699999997,127.62560160000001
BOr3H,Bowness,Damaged,Acidobacteriota,7.3470455,10.69032,6.84920386688004,0,4.843118499999999,0,14.694091,21.38064
BOr3H,Bowness,Damaged,Actinomycetota,6.213286,19.145948,NA,NA,NA,NA,6.213286,19.145948
BOr3H,Bowness,Damaged,Desulfobacterota,5.593405,1.7233305,NA,NA,NA,NA,5.593405,1.7233305
BOr3H,Bowness,Damaged,Desulfobacterota_B,6.473547325,7.3976387500000005,4.172320526752256,1.8604859842833856,2.086160263376128,0.9302429921416928,25.8941893,29.590555000000002
BOr3H,Bowness,Damaged,Pseudomonadota,4.454165214285714,12.403330742857143,6.7045879944588265,16.64781835445441,2.534096068069622,6.292283891094701,31.179156499999998,86.8233152
BOr3I,Bowness,Damaged,Acidobacteriota,6.142745,5.1889877,NA,NA,NA,NA,6.142745,5.1889877
BOr3I,Bowness,Damaged,Actinomycetota,6.70288455,19.01718,7.927651946136713,0,5.60569645,0,13.4057691,38.03436
BOr3I,Bowness,Damaged,Desulfobacterota,2.2278736,1.8195045,NA,NA,NA,NA,2.2278736,1.8195045
BOr3I,Bowness,Damaged,Desulfobacterota_B,5.7228526,5.815632666666667,5.737118068968092,4.293366509979358,3.312326661491394,2.4787763102663067,17.168557800000002,17.446898
BOr3I,Bowness,Damaged,Pseudomonadota,3.7652970249999997,9.946195375,3.7158906935478475,14.530254214684843,1.8579453467739238,7.265127107342422,15.0611881,39.784781499999994
CRr1A,Crocach,Natural,Acidobacteriota,7.347645575,5.0835520375,3.336375652334463,2.5424549216494166,1.1795869241756949,0.8988935579797074,58.7811646,40.668416300000004
CRr1A,Crocach,Natural,Actinomycetota,2.52139284,3.16487122,2.079939470962995,2.479070955100315,0.9301772092316413,1.1086742353299266,12.6069642,15.8243561
CRr1A,Crocach,Natural,Desulfobacterota,1.65441985,2.1620909,0.14055762530409013,0.08691106016106358,0.09938924999999998,0.06145540000000005,3.3088397,4.3241818
CRr1A,Crocach,Natural,Eremiobacterota,5.4746256,5.7048655,NA,NA,NA,NA,5.4746256,5.7048655
CRr1A,Crocach,Natural,Myxococcota,4.9184213,5.3362594,NA,NA,NA,NA,4.9184213,5.3362594
CRr1A,Crocach,Natural,Pseudomonadota,4.4594422,17.74198108181818,3.7803179596575323,21.85478393404699,1.1398087509478105,6.589465289411014,49.0538642,195.1617919
CRr1A,Crocach,Natural,Thermoplasmatota,3.199465,5.0635414,NA,NA,NA,NA,3.199465,5.0635414
CRr1B,Crocach,Natural,Acidobacteriota,11.5677255375,14.1125407625,7.054247511626822,8.118314568252316,2.494053125819827,2.8702576415083754,92.5418043,112.90032610000002
CRr1B,Crocach,Natural,Actinomycetota,6.79605125,7.4604084,6.595819576463044,7.720802211568246,4.66394875,5.4594316,13.592102500000001,14.9208168
CRr1B,Crocach,Natural,Bacteroidota,2.212286,1.7428101,NA,NA,NA,NA,2.212286,1.7428101
CRr1B,Crocach,Natural,Desulfobacterota,7.1424896,17.6743267,5.394376912558002,8.464313381022555,2.412438694547026,3.785356020565502,35.712448,88.3716335
CRr1B,Crocach,Natural,Eremiobacterota,0.9462635,0.93890536,NA,NA,NA,NA,0.9462635,0.93890536
CRr1B,Crocach,Natural,Myxococcota,2.721135,2.685389,NA,NA,NA,NA,2.721135,2.685389
CRr1B,Crocach,Natural,Pseudomonadota,4.3252459454545455,23.868055654545454,2.640401559568053,28.465002760995482,0.7961110244505877,8.582521255877502,47.5777054,262.54861220000004
CRr1B,Crocach,Natural,Thermoplasmatota,25.741978,36.8644,NA,NA,NA,NA,25.741978,36.8644
CRr1B,Crocach,Natural,Verrucomicrobiota,1.5478386,1.1529461,NA,NA,NA,NA,1.5478386,1.1529461
CRr1C,Crocach,Natural,Acidobacteriota,6.993562963636363,10.51782460909091,5.3460621523003455,8.374855377944703,1.6118983877363702,2.525113905648422,76.9291926,115.69607069999999
CRr1C,Crocach,Natural,Actinomycetota,4.690436,5.158376,3.785550883147046,4.337079040387436,2.6767887,3.066778,9.380872,10.316752
CRr1C,Crocach,Natural,Bacteroidota,2.287911,2.1232414,NA,NA,NA,NA,2.287911,2.1232414
CRr1C,Crocach,Natural,Desulfobacterota,3.17623398,9.2260673,2.3452852815681897,3.3997842681045882,1.0488434632432413,1.5204297464632457,15.8811699,46.1303365
CRr1C,Crocach,Natural,Eremiobacterota,3.4457185,3.4138138,NA,NA,NA,NA,3.4457185,3.4138138
CRr1C,Crocach,Natural,Myxococcota,6.2213817,6.4065213,NA,NA,NA,NA,6.2213817,6.4065213
CRr1C,Crocach,Natural,Pseudomonadota,4.202723291666667,18.84107356666667,4.74447149901991,17.016563047661148,1.369610948560826,4.912258628124701,50.4326795,226.09288279999996
CRr1C,Crocach,Natural,Thermoplasmatota,10.666544,16.134394,NA,NA,NA,NA,10.666544,16.134394
CRr2D,Crocach,Restored,Acidobacteriota,8.0001142,9.780187357142857,7.049009819977915,10.45477472044689,2.6642752818448203,3.9515334176438994,56.0007994,68.4613115
CRr2D,Crocach,Restored,Actinomycetota,5.11859276,3.62616074,2.9039471330461386,2.27913108120647,1.2986846385113584,1.019258405442052,25.5929638,18.1308037
CRr2D,Crocach,Restored,Desulfobacterota,3.9698914,5.9044978,1.3372795536854774,1.0780878319735692,0.772078710302093,0.6224343000000002,11.909674200000001,17.713493399999997
CRr2D,Crocach,Restored,Desulfobacterota_B,11.792363333333332,19.225739,6.339563792158915,0,3.660148861947755,0,35.377089999999995,57.677217
CRr2D,Crocach,Restored,Pseudomonadota,3.9896084105263157,14.26452592105263,3.233339361658643,17.982025709609875,0.7417789225074912,4.125359624649458,75.8025598,271.0259925
CRr2D,Crocach,Restored,Thermoplasmatota,30.553854,49.319817,NA,NA,NA,NA,30.553854,49.319817
CRr2E,Crocach,Restored,Acidobacteriota,11.5944839,11.4612244375,7.702271397390036,12.588787436887438,2.7231641678168397,4.4508084817695615,92.75587120000002,91.68979549999999
CRr2E,Crocach,Restored,Actinomycetota,4.49112825,5.1787558166666665,2.8965797271474996,2.5532211727329206,1.1825237218002496,1.0423481789443545,26.9467695,31.0725349
CRr2E,Crocach,Restored,Dependentiae,2.2618577,2.5062342,NA,NA,NA,NA,2.2618577,2.5062342
CRr2E,Crocach,Restored,Desulfobacterota,4.2014548000000005,6.0316232,1.3951750462396069,0.487643662823911,0.8055046885130857,0.2815412000000001,12.6043644,18.0948696
CRr2E,Crocach,Restored,Desulfobacterota_B,15.6199602,13.872231,10.664217979222345,0,6.156989121000868,0,46.8598806,41.616693
CRr2E,Crocach,Restored,Myxococcota,1.2897204,1.0040041,NA,NA,NA,NA,1.2897204,1.0040041
CRr2E,Crocach,Restored,Planctomycetota,1.3635261,1.0174924,NA,NA,NA,NA,1.3635261,1.0174924
CRr2E,Crocach,Restored,Pseudomonadota,7.0153204944444445,15.209727811111112,4.530067630971105,14.93760704894797,1.0677471803644492,3.520827746337028,126.27576890000002,273.7751006
CRr2E,Crocach,Restored,Thermoplasmatota,38.900127,63.824097,NA,NA,NA,NA,38.900127,63.824097
CRr2F,Crocach,Restored,Acidobacteriota,4.165050092307692,4.7082620461538465,2.5735560722578374,1.8294145292882498,0.7137760291390263,0.5073882991867387,54.14565119999999,61.2074066
CRr2F,Crocach,Restored,Actinomycetota,4.643739633333333,8.4839999,2.172740171883358,4.081124525577642,1.2544321231159705,2.3562383434386356,13.9312189,25.451999700000002
CRr2F,Crocach,Restored,Dependentiae,4.773608,4.938224,NA,NA,NA,NA,4.773608,4.938224
CRr2F,Crocach,Restored,Desulfobacterota,1.4268591,3.0128908,NA,NA,NA,NA,1.4268591,3.0128908
CRr2F,Crocach,Restored,Desulfobacterota_B,5.22528505,3.1837041,1.4102119743876824,0,0.99717045,0,10.4505701,6.3674082
CRr2F,Crocach,Restored,Planctomycetota,1.2678171,1.1237133,NA,NA,NA,NA,1.2678171,1.1237133
CRr2F,Crocach,Restored,Pseudomonadota,4.685364485,12.56108794,2.5030082207910516,15.448088139035644,0.5596896529929594,3.454297520129192,93.7072897,251.22175879999998
CRr2F,Crocach,Restored,Thermoplasmatota,60.880394,104.84972,NA,NA,NA,NA,60.880394,104.84972
CRr3G,Crocach,Damaged,Acidobacteriota,4.060203666666666,7.757019133333333,3.775465002016559,7.679361196181445,1.2584883340055197,2.5597870653938153,36.541833000000004,69.8131722
CRr3G,Crocach,Damaged,Actinomycetota,2.0206232,2.8617943500000003,0.004599729611618637,0.5787420809531695,0.0032525000000001025,0.40923244999999997,4.0412464,5.7235887000000005
CRr3G,Crocach,Damaged,Bacteroidota,1.4712563,1.4024712,NA,NA,NA,NA,1.4712563,1.4024712
CRr3G,Crocach,Damaged,Desulfobacterota,12.6612013,31.0239653,10.348313589267155,24.92762447344262,5.974601636422054,14.3919707,37.9836039,93.0718959
CRr3G,Crocach,Damaged,Desulfobacterota_B,7.598992,4.0118394,NA,NA,NA,NA,7.598992,4.0118394
CRr3G,Crocach,Damaged,Myxococcota,1.4108553,1.6051147,NA,NA,NA,NA,1.4108553,1.6051147
CRr3G,Crocach,Damaged,Planctomycetota,2.45465825,2.2548042500000003,1.7797636559053016,1.689924042299276,1.2584829499999999,1.19495675,4.9093165,4.509608500000001
CRr3G,Crocach,Damaged,Pseudomonadota,9.995915854545455,26.528646327272728,14.002270787615743,40.160947317825176,4.221843492315964,12.1089812253142,109.95507440000002,291.81510959999997
CRr3G,Crocach,Damaged,Thermoplasmatota,17.385744,28.002777,NA,NA,NA,NA,17.385744,28.002777
CRr3H,Crocach,Damaged,Acidobacteriota,4.563823685555556,8.339162711111111,4.1780867755848945,7.295504237878907,1.3926955918616315,2.4318347459596357,41.07441317,75.0524644
CRr3H,Crocach,Damaged,Actinomycetota,3.2232542000000004,4.5961037000000005,1.8401008654119153,2.973752134679718,1.3011477999999999,2.1027603,6.446508400000001,9.192207400000001
CRr3H,Crocach,Damaged,Bacteroidota,1.5645454,1.3029128,NA,NA,NA,NA,1.5645454,1.3029128
CRr3H,Crocach,Damaged,Desulfobacterota,10.843635766666667,23.760465933333332,8.836861452430318,19.16770573641488,5.101964338352071,11.066480066666665,32.530907299999996,71.28139780000001
CRr3H,Crocach,Damaged,Desulfobacterota_B,3.7750237,3.5284505,NA,NA,NA,NA,3.7750237,3.5284505
CRr3H,Crocach,Damaged,Eremiobacterota,3.509629,4.2801933,NA,NA,NA,NA,3.509629,4.2801933
CRr3H,Crocach,Damaged,Myxococcota,1.3006579,1.4162277,NA,NA,NA,NA,1.3006579,1.4162277
CRr3H,Crocach,Damaged,Planctomycetota,4.139498,3.6270945,NA,NA,NA,NA,4.139498,3.6270945
CRr3H,Crocach,Damaged,Pseudomonadota,6.209402616666667,22.438593166666667,4.148262660767997,28.87656828461658,1.197500281931838,8.335947236197997,74.5128314,269.26311799999996
CRr3H,Crocach,Damaged,Thermoplasmatota,11.881778,20.57816,NA,NA,NA,NA,11.881778,20.57816
CRr3I,Crocach,Damaged,Acidobacteriota,2.6407815454545456,7.650567563636364,1.914246391241088,7.14102156398313,0.5771670032762323,2.153099013415358,29.048596999999997,84.15624319999999
CRr3I,Crocach,Damaged,Actinomycetota,1.42672325,2.14335015,0.110869181410548,0.8124857027052508,0.07839635,0.5745141500000001,2.8534465,4.2867003
CRr3I,Crocach,Damaged,Bacteroidota,1.2043214,1.3176701,NA,NA,NA,NA,1.2043214,1.3176701
CRr3I,Crocach,Damaged,Dependentiae,1.44011,1.4909114,NA,NA,NA,NA,1.44011,1.4909114
CRr3I,Crocach,Damaged,Desulfobacterota,18.478839999999998,39.753704,6.334036271699112,0,4.478839999999999,0,36.957679999999996,79.507408
CRr3I,Crocach,Damaged,Desulfobacterota_B,4.5437455,3.3146052,NA,NA,NA,NA,4.5437455,3.3146052
CRr3I,Crocach,Damaged,Eremiobacterota,3.0652833,3.361534,NA,NA,NA,NA,3.0652833,3.361534
CRr3I,Crocach,Damaged,Myxococcota,1.2895559,1.3435884,NA,NA,NA,NA,1.2895559,1.3435884
CRr3I,Crocach,Damaged,Planctomycetota,3.645002,3.1360679,NA,NA,NA,NA,3.645002,3.1360679
CRr3I,Crocach,Damaged,Pseudomonadota,5.461066153846154,27.465078661538463,2.6611784117032036,42.886465200488324,0.7380780935810554,11.894565331058667,70.99386000000001,357.0460226000001
CRr3I,Crocach,Damaged,Thermoplasmatota,28.902712,44.524582,NA,NA,NA,NA,28.902712,44.524582
LABRr1A,Langwell,Natural,Acidobacteriota,8.46936795,18.082908955,11.268897339018695,17.795273315883133,2.5198020481512295,3.979144081250277,169.38735899999998,361.6581791
LABRr1A,Langwell,Natural,Actinomycetota,7.8750784,8.906469733333333,10.209869314594691,10.739751278494866,5.894670797172145,6.200598291668639,23.6252352,26.7194092
LABRr1A,Langwell,Natural,Desulfobacterota,9.773146458333333,16.14120852083333,12.42242196996617,15.42917682374118,2.5357162663297115,3.1494675307784967,234.55551499999999,387.38900450000006
LABRr1A,Langwell,Natural,Desulfobacterota_B,2.2896016,4.2062674,NA,NA,NA,NA,2.2896016,4.2062674
LABRr1A,Langwell,Natural,Myxococcota,10.475190000000001,11.925148,1.874296832192809,0,1.3253279999999998,0,20.950380000000003,23.850296
LABRr1A,Langwell,Natural,Planctomycetota,18.4661302,52.178435400000005,13.660888672254789,23.448492410604693,6.109335140843711,10.4864846,92.33065099999999,260.892177
LABRr1A,Langwell,Natural,Pseudomonadota,3.8354635538461537,6.090049846153846,1.9856470645212771,6.6088302628835685,0.5507194081620014,1.8329597218203741,49.86102620000001,79.17064800000001
LABRr1A,Langwell,Natural,Thermoproteota,3.110138,3.2689891,0.8002876773443784,0.9328786000000001,0.4001438386721892,0.46643930000000006,12.440552,13.075956399999999
LABRr1A,Langwell,Natural,Verrucomicrobiota,6.714078233333334,7.638085833333333,4.397740488749053,4.616968777737195,2.5390366550053827,2.665608166666667,20.1422347,22.914257499999998
LABRr1B,Langwell,Natural,Acidobacteriota,7.608850333333333,15.39574311904762,9.182301485334039,15.310457771061918,2.003742457640413,3.341015793348386,159.785857,323.3106055
LABRr1B,Langwell,Natural,Actinomycetota,6.600270533333334,6.7826941,8.601438026983837,8.250428878460852,4.966042560297002,4.763387333909235,19.800811600000003,20.348082299999998
LABRr1B,Langwell,Natural,Desulfobacterota,6.5651916,10.711465779166666,8.220712315083677,9.888157430574113,1.6780458745140685,2.0184116834347132,157.5645984,257.0751786999999
LABRr1B,Langwell,Natural,Desulfobacterota_B,1.5691671,3.6415062,NA,NA,NA,NA,1.5691671,3.6415062
LABRr1B,Langwell,Natural,Myxococcota,10.42050375,11.63841,1.9835586184683645,0,1.4025877500000001,0,20.8410075,23.27682
LABRr1B,Langwell,Natural,Planctomycetota,16.7624444,47.2181462,12.450221257003276,21.463231208946784,5.567908213114441,9.5986488,83.812222,236.090731
LABRr1B,Langwell,Natural,Pseudomonadota,3.3595666538461537,5.746131538461538,1.9803021896039714,6.9472489192799545,0.549237006579287,1.9268201693750509,43.674366500000005,74.69971000000001
LABRr1B,Langwell,Natural,Thermoproteota,1.945583875,2.014047325,0.3647119655544758,0.53315325,0.1823559827772379,0.266576625,7.7823355,8.0561893
LABRr1B,Langwell,Natural,Verrucomicrobiota,6.889225133333333,6.041717500000001,5.309732734423643,4.193986959421877,3.0655756235444582,2.4213995000000006,20.6676754,18.1251525
LABRr1C,Langwell,Natural,Acidobacteriota,9.850850972727272,17.176595181818183,11.061488981717051,14.609193874784603,3.3351644159096256,4.404837688383534,108.35936069999998,188.942547
LABRr1C,Langwell,Natural,Actinomycetota,2.132859925,2.959161475,1.5522442331073492,2.57514604729832,0.7761221165536746,1.28757302364916,8.5314397,11.8366459
LABRr1C,Langwell,Natural,Desulfobacterota,7.5874415299999995,10.448857345,8.220847849194168,7.901805500409628,1.83823746234811,1.766897424389767,151.74883060000002,208.97714690000004
LABRr1C,Langwell,Natural,Desulfobacterota_B,2.0575229,3.219448433333333,0.5974033128255735,0.8467552415847234,0.3449109634746191,0.48887436666666667,6.1725687,9.658345299999999
LABRr1C,Langwell,Natural,Planctomycetota,22.1297658,61.60065862857143,22.839829252427634,53.29571133669,8.632644027014543,20.14388544902393,154.9083606,431.2046104
LABRr1C,Langwell,Natural,Pseudomonadota,7.018906818181819,8.572374536363636,8.493478890795114,10.396518683899409,2.560880240506487,3.134668327310352,77.207975,94.29611989999998
LABRr1C,Langwell,Natural,Thermoproteota,1.38561135,1.541678725,0.27332365861955077,0.3381248499999999,0.13666182930977538,0.16906242499999996,5.5424454,6.1667149
LABRr1C,Langwell,Natural,Verrucomicrobiota,2.25593135,2.93979935,0.7129597161464628,1.6940241302593078,0.5041386499999999,1.1978559499999997,4.5118627,5.8795987
LASAr3G,Langwell,Damaged,Acidobacteriota,7.366431327586207,8.557903955172414,6.675550757415575,7.038210461442062,1.23961865541636,1.306962871798748,213.62650850000003,248.17921469999993
LASAr3G,Langwell,Damaged,Actinomycetota,2.137660517647059,6.7510606705882354,1.3576771355693107,4.689401619488681,0.32928507267284096,1.1373469528290794,36.340228800000006,114.76803139999998
LASAr3G,Langwell,Damaged,Desulfobacterota,3.2531149333333333,3.0452858,1.4428142658238667,1.5471157591278908,0.8330092047640417,0.8932277,9.7593448,9.135857399999999
LASAr3G,Langwell,Damaged,Desulfobacterota_B,3.6824054999999998,4.28001012,0.5842439973545942,1.5584324625665664,0.26128185870621595,0.6969521849282477,18.4120275,21.4000506
LASAr3G,Langwell,Damaged,Planctomycetota,2.5582387,6.670248,NA,NA,NA,NA,2.5582387,6.670248
LASAr3G,Langwell,Damaged,Pseudomonadota,7.311518386363636,18.22835,9.246740653218557,20.843073718522373,1.3939986036568979,3.142211591002564,321.7068090000001,802.0473999999999
LASAr3H,Langwell,Damaged,Acidobacteriota,5.087136511111111,7.394458355555555,3.4937542905759518,7.01960955967746,0.6723733267154786,1.3509244896286172,137.3526858,199.65037560000005
LASAr3H,Langwell,Damaged,Actinomycetota,7.13686733,7.68036279,3.6485850251725185,5.05523687561789,1.1537838916327938,1.5986062638625849,71.36867330000001,76.80362790000001
LASAr3H,Langwell,Damaged,Desulfobacterota,6.757374925,4.163538725,4.170925415531157,1.632781435336076,2.0854627077655783,0.816390717668038,27.029499700000002,16.6541549
LASAr3H,Langwell,Damaged,Desulfobacterota_B,6.465495083333334,10.988799,0.9988313482843426,5.128816967950952,0.4077711903987983,2.0938307592680294,38.792970499999996,65.932794
LASAr3H,Langwell,Damaged,Planctomycetota,8.096779399999999,23.376548149999998,9.881260915466564,30.41048031517463,6.9871066,21.503456849999996,16.193558799999998,46.753096299999996
LASAr3H,Langwell,Damaged,Pseudomonadota,8.80679188,19.054033277777776,8.825936168239098,20.09636004800976,1.3156928824837761,2.9957884778440507,396.3056346,857.4314975000001
LASAr3I,Langwell,Damaged,Acidobacteriota,5.17618993125,5.4670648625,3.965945189057087,3.6927454502009303,0.7010866842491076,0.652791337258212,165.6380778,174.94607559999994
LASAr3I,Langwell,Damaged,Actinomycetota,4.055090688888889,12.778719255555554,3.8832597729909333,13.450679527481235,0.9152931061969408,3.170355568483016,72.9916324,230.01694659999998
LASAr3I,Langwell,Damaged,Desulfobacterota_B,8.676594166666668,9.494148066666666,6.605496450245005,2.18574030531822,2.6966826334776393,0.8923247430441255,52.05956499999999,56.9648884
LASAr3I,Langwell,Damaged,Planctomycetota,4.218198,25.875828,NA,NA,NA,NA,4.218198,25.875828
LASAr3I,Langwell,Damaged,Pseudomonadota,9.288623208823529,17.47252765,8.055034191294114,17.127627360884972,1.3814269670814734,2.937363859239895,315.8131891,594.0659400999999
LASCr2D,Langwell,Restored,Acidobacteriota,7.19801445,9.247169881818182,8.720514720915393,9.522282545323367,1.8592199854888078,2.0301574600034673,158.3563179,203.43773739999997
LASCr2D,Langwell,Restored,Actinomycetota,7.6038988,9.1898408,7.358973691736103,4.757346824414811,5.2035802,3.3639522000000004,15.207797600000001,18.3796816
LASCr2D,Langwell,Restored,Desulfobacterota,7.868743665,7.87680597,8.481591293737852,4.619946476966834,1.896541469016822,1.0330514374908506,157.37487330000002,157.5361194
LASCr2D,Langwell,Restored,Desulfobacterota_B,2.6662811333333334,3.5699698666666664,0.5308506622527313,1.4184735166334312,0.30648677275110553,0.8189560666666666,7.9988434,10.7099096
LASCr2D,Langwell,Restored,Nitrospirota,3.9669118,3.5952482,NA,NA,NA,NA,3.9669118,3.5952482
LASCr2D,Langwell,Restored,Planctomycetota,17.876128666666666,24.049011,15.095900759814812,18.106467698842533,8.715622367338959,10.453774000000001,53.628386000000006,72.14703300000001
LASCr2D,Langwell,Restored,Pseudomonadota,8.252953609756098,11.416910385365854,8.003620675246143,12.589455288547425,1.2499555495826158,1.966142592540858,338.3710979999999,468.09332580000023
LASCr2D,Langwell,Restored,Thermoplasmatota,4.826448,6.858113,NA,NA,NA,NA,4.826448,6.858113
LASCr2D,Langwell,Restored,Thermoproteota,2.7567851,2.6452708,0.43523135263245916,0.10856639999999995,0.21761567631622958,0.054283199999999976,11.0271404,10.5810832
LASCr2D,Langwell,Restored,Verrucomicrobiota,6.407499,10.112427,NA,NA,NA,NA,6.407499,10.112427
LASCr2E,Langwell,Restored,Acidobacteriota,6.756613128125,7.25919115625,6.511316497048135,4.662317267053695,1.151049012378643,0.8241890388941998,216.2116201,232.29411700000003
LASCr2E,Langwell,Restored,Actinomycetota,3.29833184,7.94187435,2.2511915135568685,6.09170115368921,0.7118892632081526,1.9263650470733331,32.98331840000001,79.4187435
LASCr2E,Langwell,Restored,Desulfobacterota,5.11192608125,6.7263980000000005,4.752866923570142,4.882085916036542,1.1882167308925355,1.2205214790091354,81.79081729999999,107.622368
LASCr2E,Langwell,Restored,Desulfobacterota_B,3.6257534,5.341931499999999,0.7144250698635419,0.3753549999999999,0.35721253493177096,0.18767749999999994,14.5030136,21.367725999999998
LASCr2E,Langwell,Restored,Myxococcota,1.7435225,0.9267393,NA,NA,NA,NA,1.7435225,0.9267393
LASCr2E,Langwell,Restored,Nitrospirota,3.3556073,4.3035545,NA,NA,NA,NA,3.3556073,4.3035545
LASCr2E,Langwell,Restored,Planctomycetota,11.658082166666667,17.167715233333332,9.849323933039445,12.880151207176901,5.686509824076148,7.436358766666667,34.9742465,51.503145700000005
LASCr2E,Langwell,Restored,Pseudomonadota,8.174479125,13.79665441875,6.416811816184337,11.721131972573854,0.9261870073532996,1.691799674893161,392.37499800000006,662.2394120999999
LASCr2E,Langwell,Restored,Thermoproteota,2.2160032666666667,2.0784075,0.13690220838734982,0,0.07904052686509067,0,6.6480098000000005,6.2352225
LASCr2E,Langwell,Restored,Verrucomicrobiota,3.87505045,5.69806245,2.522170056136819,2.66496546227133,1.78344355,1.8844151499999997,7.7501009,11.3961249
LASCr2F,Langwell,Restored,Acidobacteriota,7.384648874285714,6.641238061904762,7.505833253476453,5.821901410616434,1.6379070970367864,1.2704430429866662,155.07762635999998,139.4659993
LASCr2F,Langwell,Restored,Actinomycetota,4.507963849999999,4.7515589,4.308524866481595,3.6917899381752717,3.04658715,2.6104896999999996,9.0159277,9.5031178
LASCr2F,Langwell,Restored,Desulfobacterota,4.42197021875,5.538623575,4.1402743297970765,2.327538823328334,1.0350685824492691,0.5818847058320835,70.75152349999999,88.61797720000001
LASCr2F,Langwell,Restored,Myxococcota,1.813928,1.5825493,NA,NA,NA,NA,1.813928,1.5825493
LASCr2F,Langwell,Restored,Nitrospirota,4.3483953,4.6519213,NA,NA,NA,NA,4.3483953,4.6519213
LASCr2F,Langwell,Restored,Planctomycetota,11.345841666666667,15.726432933333333,9.816038419185682,11.850901319004027,5.667292423692563,6.8421210666666665,34.037525,47.1792988
LASCr2F,Langwell,Restored,Pseudomonadota,8.234167156410257,10.883443402564103,6.622898882872086,10.420835742312404,1.060512570952081,1.66866918852255,321.13251909999997,424.4542927
LASCr2F,Langwell,Restored,Spirochaetota,1.1382489,1.8523831,NA,NA,NA,NA,1.1382489,1.8523831
LASCr2F,Langwell,Restored,Thermoplasmatota,1.2303578,1.4393513,NA,NA,NA,NA,1.2303578,1.4393513
LASCr2F,Langwell,Restored,Thermoproteota,1.9210104739999998,1.4256803200000001,1.1919993553300343,0.11609662029022205,0.5330783175307766,0.051919986985383575,9.605052370000001,7.1284016
LASCr2F,Langwell,Restored,Verrucomicrobiota,3.7161685,6.743393149999999,0.912730604728471,0.6072744052594717,0.6453980000000001,0.42940785000000004,7.432337,13.486786299999999
MGr1A,Migneint,Natural,Acidobacteriota,3.5094530500000003,5.095231399999999,0.3178138804197279,3.4253993377571645,0.2247283500000001,2.4221231,7.018906100000001,10.190462799999999
MGr1A,Migneint,Natural,Actinomycetota,8.470634725,22.362996175,8.739699378145943,13.471873319692678,3.0899503479094244,4.763026489820409,67.7650778,178.90396940000002
MGr1A,Migneint,Natural,Verrucomicrobiota,7.2339663000000005,4.26846865,4.9993633126640615,0.4634146619979184,3.5350836999999995,0.32768364999999994,14.467932600000001,8.5369373
MGr1B,Migneint,Natural,Acidobacteriota,2.805136724285714,2.880408457142857,3.009634874035208,2.028308927151585,1.1375350591149094,0.7666287147507598,19.63595707,20.162859200000003
MGr1B,Migneint,Natural,Actinomycetota,13.98754347,32.3816062,9.222156674907382,14.254201079823698,2.9163020031632314,4.507574163827447,139.87543470000003,323.816062
MGr1B,Migneint,Natural,Pseudomonadota,1.5376035,1.471897,NA,NA,NA,NA,1.5376035,1.471897
MGr1B,Migneint,Natural,Verrucomicrobiota,15.801556,8.2385675,10.369019496173781,1.6058868762289884,7.332003999999999,1.1355334999999995,31.603112,16.477135
MGr1C,Migneint,Natural,Acidobacteriota,2.589215908,2.83589512,2.9294209027045954,2.067771931142212,1.3100768546312545,0.9247357199999999,12.94607954,14.179475600000002
MGr1C,Migneint,Natural,Actinomycetota,6.24611565,15.143699170000001,6.332903641398331,9.899335252280796,2.0026399709192924,3.1304446718804866,62.46115650000001,151.43699170000002
MGr1C,Migneint,Natural,Pseudomonadota,2.3745997,1.8638253,NA,NA,NA,NA,2.3745997,1.8638253
MGr1C,Migneint,Natural,Verrucomicrobiota,5.7548108,4.33200595,4.623757382885922,0.7668662844529318,3.2694901999999995,0.5422563499999999,11.5096216,8.6640119
MGr2D,Migneint,Restored,Acidobacteriota,3.7156006,1.4669714,1.8405527265169217,0,0.92027636325846085,0,14.8624024,5.8678856
MGr2D,Migneint,Restored,Actinomycetota,4.01015875,8.040055,0.9683477350493082,0,0.68472525,0,8.0203175,16.08011
MGr2D,Migneint,Restored,Verrucomicrobiota,1.2781389,1.3446903,NA,NA,NA,NA,1.2781389,1.3446903
MGr2E,Migneint,Restored,Acidobacteriota,5.092829255555555,4.298726833333333,2.4389349786559027,1.452427591908729,0.8129783262186342,0.484142530636243,45.8354633,38.68854149999999
MGr2E,Migneint,Restored,Actinomycetota,4.3091224666666665,8.070650666666667,2.304989196246764,1.055964404743519,1.3307861329322486,0.6096613333333337,12.9273674,24.211952
MGr2E,Migneint,Restored,Dependentiae,1.559439,1.6688548,NA,NA,NA,NA,1.559439,1.6688548
MGr2E,Migneint,Restored,Verrucomicrobiota,2.9790902,1.4610622,NA,NA,NA,NA,2.9790902,1.4610622
MGr2F,Migneint,Restored,Acidobacteriota,5.6846196625,7.2626359124999995,3.2025091447159855,1.969363103285063,1.1322579665203019,0.6962750024757255,45.476957299999995,58.10108729999999
MGr2F,Migneint,Restored,Actinomycetota,2.8120672666666664,6.235684666666667,1.3662337526428276,0.09000313346397093,0.7887954248642892,0.05196333333333344,8.4362018,18.707054
MGr2F,Migneint,Restored,Verrucomicrobiota,1.6275696499999999,1.5806144500000001,1.0627037810881286,0.4316221511662777,0.75144505,0.3052029500000001,3.2551392999999997,3.1612289000000002
MGr3G,Migneint,Damaged,Acidobacteriota,9.347979657142858,14.139627871428573,5.872716679213576,8.324007537109809,2.219678264791458,3.1461791220885442,65.43585759999999,98.97739510000002
MGr3G,Migneint,Damaged,Actinomycetota,6.992725575,16.070725500000002,6.52003973457112,6.7788369999999984,3.26001986728556,3.3894184999999992,27.9709023,64.282902000000007
MGr3G,Migneint,Damaged,Dependentiae,4.1958456,4.601085,NA,NA,NA,NA,4.1958456,4.601085
MGr3G,Migneint,Damaged,Desulfobacterota_B,3.4025838,13.326835,NA,NA,NA,NA,3.4025838,13.326835
MGr3G,Migneint,Damaged,Verrucomicrobiota,6.0350526,6.073092933333333,6.706394721226344,6.573625403212362,3.8719387975919153,3.7952843960964198,18.1051578,18.219278799999998
MGr3H,Migneint,Damaged,Acidobacteriota,7.90749266,9.25544811,4.951201912945909,2.7631139623794883,1.5657075200291792,0.8737733555731987,79.0749266,92.5544811
MGr3H,Migneint,Damaged,Actinomycetota,6.8618115,11.212704,2.708584546150351,0,1.9152585000000002,0,13.723623,22.425408
MGr3H,Migneint,Damaged,Dependentiae,3.1346452,3.5633337,NA,NA,NA,NA,3.1346452,3.5633337
MGr3H,Migneint,Damaged,Desulfobacterota_B,5.8621993,29.655308,NA,NA,NA,NA,5.8621993,29.655308
MGr3H,Migneint,Damaged,Verrucomicrobiota,2.73713425,2.42717275,0.0254607231595061,0.9790550287727474,0.018003450000000143,0.6922964500000001,5.4742685,4.8543455
MGr3I,Migneint,Damaged,Acidobacteriota,16.2840048625,12.53596275,14.042420252728261,13.189503860514566,4.9647452924877324,4.663193810127998,130.2720389,100.28770199999998
MGr3I,Migneint,Damaged,Actinomycetota,5.4015241,7.9560623,2.669566535385833,0,1.8876686,0,10.8030482,15.9121246
MGr3I,Migneint,Damaged,Dependentiae,2.5648093,2.706593,NA,NA,NA,NA,2.5648093,2.706593
MGr3I,Migneint,Damaged,Desulfobacterota_B,5.9054723,27.57122,NA,NA,NA,NA,5.9054723,27.57122
MGr3I,Migneint,Damaged,Verrucomicrobiota,8.34225,8.267846,NA,NA,NA,NA,8.34225,8.267846
MHr1A,Moor_House,Natural,Acidobacteriota,5.920979733333334,6.800871055555556,4.215779143638317,4.413334514965678,1.4052597145461057,1.4711115049885592,53.2888176,61.2078395
MHr1A,Moor_House,Natural,Actinomycetota,3.7703685250000003,7.308478875,4.047308307925541,6.437767560081912,2.0236541539627706,3.218883780040956,15.081474100000001,29.2339155
MHr1A,Moor_House,Natural,Eremiobacterota,6.798256,7.6849055,NA,NA,NA,NA,6.798256,7.6849055
MHr1A,Moor_House,Natural,Myxococcota,4.589638,5.0800147,NA,NA,NA,NA,4.589638,5.0800147
MHr1A,Moor_House,Natural,Pseudomonadota,8.829894761538462,14.081923584615385,7.112947457390146,13.49007572072042,1.9727766751770295,3.7414738246884083,114.7886319,183.06500660000003
MHr1B,Moor_House,Natural,Acidobacteriota,5.310229778571428,7.563721457142857,4.193591366337799,6.747966551055581,1.1207844366406607,1.8034699208186136,74.3432169,105.8921004
MHr1B,Moor_House,Natural,Actinomycetota,5.330457466666666,9.340768733333334,4.080170905036038,6.640925168053746,1.6657227967813555,2.7111463469563843,31.9827448,56.044612400000005
MHr1B,Moor_House,Natural,Desulfobacterota,2.95939305,17.16956,1.1320356009834693,0,0.8004700499999998,0,5.9187861,34.33912
MHr1B,Moor_House,Natural,Eremiobacterota,1.6570714,1.7474049,NA,NA,NA,NA,1.6570714,1.7474049
MHr1B,Moor_House,Natural,Myxococcota,3.210773,3.2446911,NA,NA,NA,NA,3.210773,3.2446911
MHr1B,Moor_House,Natural,Pseudomonadota,6.82498842,12.000077686666666,3.8134448165648274,12.772395628249823,0.9846272177491049,3.2978183706255986,102.3748263,180.0011653
MHr1B,Moor_House,Natural,Verrucomicrobiota,4.2362914,5.1544185,NA,NA,NA,NA,4.2362914,5.1544185
MHr1C,Moor_House,Natural,Acidobacteriota,4.407773536363637,5.253506345454546,2.330943096141472,3.8809032678775686,0.7028057870518706,1.1701363624740024,48.4855089,57.78856979999999
MHr1C,Moor_House,Natural,Actinomycetota,3.1194258833333333,5.580021983333333,1.7471551568384502,2.7624053022141997,0.7132731059544198,1.127747242197258,18.7165553,33.4801319
MHr1C,Moor_House,Natural,Desulfobacterota,2.61301065,13.727127,0.777796458233801,0,0.5499851499999999,0,5.2260213,27.454254
MHr1C,Moor_House,Natural,Eremiobacterota,3.0731156,3.4253218,NA,NA,NA,NA,3.0731156,3.4253218
MHr1C,Moor_House,Natural,Myxococcota,2.892681,3.0153825,NA,NA,NA,NA,2.892681,3.0153825
MHr1C,Moor_House,Natural,Pseudomonadota,6.014274593333333,10.999277642666666,4.197488960179519,8.880426765453592,1.0837869892443175,2.2929163313210905,90.21411889999999,164.98916464
MHr1C,Moor_House,Natural,Verrucomicrobiota,2.6046028,3.5154467,NA,NA,NA,NA,2.6046028,3.5154467
MHr2D,Moor_House,Restored,Acidobacteriota,26.995992816666668,9.770121425000001,42.952095769834195,13.60363564038398,12.39920202748618,3.927031349466639,323.95191379999994,117.2414571
MHr2D,Moor_House,Restored,Actinomycetota,11.6273422,19.802975619999998,8.19127661755643,23.274918017920115,3.6632502678721446,10.408859771760808,58.13671099999999,99.0148781
MHr2D,Moor_House,Restored,Desulfobacterota,9.200185266666667,10.743116,5.3345864426083125,0,3.0799249186552373,0,27.6005558,32.229348
MHr2D,Moor_House,Restored,Desulfobacterota_B,9.90343278,14.682807,7.379077957440485,0,3.3000239848214448,0,49.5171639,73.414035
MHr2D,Moor_House,Restored,Pseudomonadota,16.31604056666667,22.987242016666666,14.366990000996745,14.539717283095294,5.865299107018336,5.935814724651538,97.89624339999999,137.92345210000002
MHr2E,Moor_House,Restored,Acidobacteriota,10.369008933333333,6.961629388888889,8.776510418940617,4.438218291722841,2.9255034729802056,1.479406097240947,93.3210804,62.65466450000001
MHr2E,Moor_House,Restored,Actinomycetota,6.579775863636364,37.38905323636364,7.676938049725538,30.569942744255847,2.3146839136129413,9.21718454048583,72.37753450000001,411.27958559999996
MHr2E,Moor_House,Restored,Desulfobacterota,1.884383,1.991992,0.48393539576269873,0,0.3421939999999999,0,3.768766,3.983984
MHr2E,Moor_House,Restored,Desulfobacterota_B,7.16660417,9.477119459999999,7.542177666252591,5.0898713855675455,2.385045994301145,1.6095586575710523,71.6660417,94.7711946
MHr2E,Moor_House,Restored,Planctomycetota,1.5277193,2.337217,NA,NA,NA,NA,1.5277193,2.337217
MHr2E,Moor_House,Restored,Pseudomonadota,10.873970328571428,17.0669716,6.331492961232299,10.280439218745865,2.3930794004537974,3.8856407916166726,76.1177923,119.46880119999999
MHr2F,Moor_House,Restored,Acidobacteriota,11.997379216923077,8.2007432,17.269573465998995,8.835889543273476,4.7897178951578265,2.4506348317391238,155.96592981999999,106.60966160000001
MHr2F,Moor_House,Restored,Actinomycetota,6.891736445454545,28.881398,8.006587364800213,29.705319186366392,2.4140769218402456,8.95649072899297,75.80910089999999,317.69537800000006
MHr2F,Moor_House,Restored,Desulfobacterota,5.602208766666667,5.5625,4.002306293717713,0,2.310732616057255,0,16.8066263,16.6875
MHr2F,Moor_House,Restored,Desulfobacterota_B,6.24761927,8.77454052,5.709291658980815,3.794849780823284,1.8054365468580695,1.200036868559234,62.47619269999999,87.74540520000001
MHr2F,Moor_House,Restored,Pseudomonadota,3.423020983333333,7.0703278,1.8156447058991254,4.018264460878635,0.7412338472730814,1.6404495967853991,20.538125899999997,42.4219668
MHr3G,Moor_House,Damaged,Acidobacteriota,10.939580220000002,6.0347623,19.65502425319117,4.581894347208253,8.789994065908498,2.0490854452159355,54.697901099999996,30.1738115
MHr3G,Moor_House,Damaged,Actinomycetota,4.0891632428571425,13.629425000000001,3.6092411960008306,14.160758347953438,1.3641649466096468,5.352263566395236,28.6241427,95.405975
MHr3G,Moor_House,Damaged,Desulfobacterota,3.4957929,1.2943099,NA,NA,NA,NA,3.4957929,1.2943099
MHr3G,Moor_House,Damaged,Desulfobacterota_B,7.30435642,10.53904336,6.59440740570064,7.9974649938690625,2.949108646094933,3.5765750747932326,36.5217821,52.695216800000004
MHr3G,Moor_House,Damaged,Planctomycetota,6.16603815,2.049009,2.213181787585115,0,1.5649558499999998,0,12.3320763,4.098018
MHr3G,Moor_House,Damaged,Pseudomonadota,2.866424783333333,6.524749383333334,2.1787408231143734,5.725017345848934,0.6289483003597552,1.6526701528705794,34.3970974,78.2969926
MHr3H,Moor_House,Damaged,Acidobacteriota,7.6507640475,12.72451835,9.780002891540123,22.0221387083858,2.445000722885031,5.50553467709645,122.41222475999999,203.59229360000003
MHr3H,Moor_House,Damaged,Actinomycetota,1.59509075,5.2170144,0.5698676080065659,5.184007136586824,0.40295725,3.6656465999999996,3.1901815,10.4340288
MHr3H,Moor_House,Damaged,Desulfobacterota,5.490198583333333,10.268555150000001,6.009830362907992,10.072412185556193,2.453502971635005,4.112045055600698,32.9411915,61.611330900000006
MHr3H,Moor_House,Damaged,Desulfobacterota_B,7.36366906,9.7395658,7.752613331880286,7.663750730150288,3.467074082671091,3.427333519045938,36.8183453,48.697829
MHr3H,Moor_House,Damaged,Planctomycetota,2.5948988,5.275573700000001,1.99935319192905,5.92652822953825,1.4137562,4.1906883,5.1897976,10.551147400000001
MHr3H,Moor_House,Damaged,Pseudomonadota,6.1974819,7.327897977777778,4.1689389938918415,3.093187197330664,1.3896463312972804,1.0310623991102215,55.7773371,65.9510818
MHr3I,Moor_House,Damaged,Acidobacteriota,6.644389142857142,7.237637604761905,4.930082867044434,11.14451259823324,1.075832281935049,2.4319320268948954,139.532172,151.99038970000004
MHr3I,Moor_House,Damaged,Actinomycetota,2.188753675,3.3834885999999997,0.8450859704753609,0.765663269256636,0.42254298523768047,0.382831634628318,8.7550147,13.533954399999999
MHr3I,Moor_House,Damaged,Dependentiae,1.8765682,2.0682926,NA,NA,NA,NA,1.8765682,2.0682926
MHr3I,Moor_House,Damaged,Desulfobacterota,34.577209,68.68483,11.47665559985495,0,8.115221,0,69.154418,137.36966
MHr3I,Moor_House,Damaged,Eremiobacterota,1.5112842,1.8896304,NA,NA,NA,NA,1.5112842,1.8896304
MHr3I,Moor_House,Damaged,Planctomycetota,5.1737175,4.1151557,NA,NA,NA,NA,5.1737175,4.1151557
MHr3I,Moor_House,Damaged,Pseudomonadota,7.303206646666667,8.831275466666666,4.9660098421568515,8.93301886002003,1.2822182277183738,2.3064955517476227,109.54809970000001,132.469132
MHr3I,Moor_House,Damaged,Verrucomicrobiota,1.64417165,2.3998851500000002,0.4513176206067352,0.02939421676189022,0.31912974999999993,0.02078484999999985,3.2883433,4.7997703000000005
SEr2D,Stean,Restored,Desulfobacterota,5.075684,14.031718000000001,0,5.652410790479404,0,3.996858,10.151368,28.063436000000003
SEr2D,Stean,Restored,Dormibacterota,1.7003405,7.321354,NA,NA,NA,NA,1.7003405,7.321354
SEr2E,Stean,Restored,Acidobacteriota,0.9812012,6.189464,NA,NA,NA,NA,0.9812012,6.189464
SEr2E,Stean,Restored,Desulfobacterota,5.053722,5.9968711,0,3.9979405872140754,0,2.8269709000000005,10.107444,11.9937422
SEr2F,Stean,Restored,Acidobacteriota,1.227664,4.7110057,NA,NA,NA,NA,1.227664,4.7110057
SEr2F,Stean,Restored,Desulfobacterota,8.305366,5.7815535,0,0.8602464524230367,0,0.6082860999999999,16.610732,11.563107
SEr3I,Stean,Damaged,Actinomycetota,6.881894,13.555708,NA,NA,NA,NA,6.881894,13.555708
SEr3I,Stean,Damaged,Desulfobacterota,104.7024701,2.860178,143.43307488836388,0,101.42249989999999,0,209.4049402,5.720356
