SampleID,site,treatment,Axis.1,Axis.2,Axis.3,Axis.4,Axis.5,Axis.6,Axis.7,Axis.8,Axis.9,Axis.10,Axis.11,Axis.12,Axis.13,Axis.14,Axis.15,Axis.16,Axis.17,Axis.18,Axis.19,Axis.20,Axis.21,Axis.22,Axis.23,Axis.24,Axis.25,Axis.26,Axis.27,Axis.28,Axis.29,Axis.30,Axis.31,Axis.32,Axis.33,Axis.34,Axis.35,Axis.36,Axis.37,Axis.38,Axis.39,Axis.40,Axis.41,Axis.42,Axis.43,Axis.44,Axis.45,Axis.46,Axis.47,Axis.48,Axis.49,Axis.50,Axis.51,Axis.52,Axis.53
BAr1A,Balmoral,NAT,0.04371290998077687,0.18451481508730763,-0.1504119601605067,-0.14188699199743982,0.17930176448079743,-0.2742285275176201,-0.16270741653841148,0.1506712345299229,-0.08353138847110289,-0.017416835313401192,-0.07970215845053392,-0.006995790588885712,-0.029772117539452313,-0.03737623769518009,0.08308012869697821,0.003988271168527754,-0.03216564368950751,-0.16324648617592813,0.08465762262571752,-0.006826711974754108,-0.040426377467071326,-0.0796983302024054,0.12950413355701224,0.02061796829579276,-0.03235097280589623,0.00194246523936635,0.013201229553514627,0.03260202285109244,-0.012354882089721232,0.09837891503533436,0.005756205640119053,0.01270432647502388,0.011119692947885881,0.005186469749927258,0.06442921437850664,0.03593386507381223,-0.005464107505790345,-0.028595866938712137,-0.013354242803893307,-6.417938090675595e-4,0.006366142697333158,-0.01015781524079247,-0.007973550015095419,-5.049305216272281e-4,-0.017818745089795023,0.0011479084403776508,0.005528661546066145,0.002071864315707215,0.00755054944058938,-0.0012473031791543846,-0.002769626569031157,-7.203043870290957e-4,0.0019571447912502746
BAr1B,Balmoral,NAT,0.12509203565051596,0.11290333041747867,-0.013559112217008612,-0.1577781350196692,0.0875021549764864,-0.26348402202531523,-0.13622058532823503,0.119259290028474,-0.07223969723553383,-0.08836204776268326,-0.08606746911942582,-0.08600331963736949,-0.032425120110610835,0.007773963476065929,0.10183264751875346,0.07575522926370644,-0.038832126569337926,0.16077021595163057,0.07672092738503397,0.02542874418381441,-0.055902506356690584,-0.03878546744655232,-0.040113683366375316,-0.020087403963017038,-0.11465128307023524,-0.047960509082691616,0.01674629543290613,-0.05432608777534767,0.0053939688942752795,-0.015496355688129388,0.0016966003787893316,-0.013203056124893553,-0.027501377778654884,0.020463424723028388,0.002695020343997844,-0.014671486874494119,-0.025223170347700233,0.056399092450393554,0.045264505607205414,-0.012279706888559064,-0.007705516181155366,-0.025383289472161265,0.004064383379394704,-0.010244667214835957,-1.6791194273106465e-4,0.003114218048088323,0.006133356760096738,-0.009123581216349048,-0.003548268435889298,-0.0012279022022539479,0.0012940893292567898,0.002410402511258266,-0.006121613666031584
BAr1C,Balmoral,NAT,0.07573731344380819,0.19005564672165104,-0.11998813550406026,-0.21585860851141994,0.15009436182816857,-0.22669521579940308,-0.15673277691176302,0.16475746337583327,-0.0814889794914857,0.047671640383017785,-0.05267125656765815,-0.00805600289428286,-0.07316803951837475,-0.06072546919861487,0.14480213425383828,0.019016483892178804,0.02586843497554619,0.08929711581688554,0.0379567646828222,-5.975661091692658e-4,0.046268284027955846,-0.08112790348854235,-0.06728402454884629,0.10037378924527038,0.05237388331309923,0.04804896869677359,-0.04345406276707721,-0.023326743324408795,0.004533032242962134,-0.06933276981359829,-0.0028721247541069984,-0.035424842172922105,0.03315381921980057,-0.027958968137453633,-0.04671875641732727,-0.02520317313717414,0.020087790952807747,-0.039508018977321493,-0.03197433999269515,0.016484446181033192,0.00938763826561754,0.0312965521379561,0.007248151749365604,0.012302351706261547,0.005476649468123154,-0.004697282948256344,-0.008263842694568,0.0076904082096669185,-6.555739262722505e-4,-0.0019766555087891127,0.0025412649020443213,-0.004020025708394922,0.0059884358772453496
BAr2D,Balmoral,REST,-0.13431733643550228,0.04146957448223048,-0.3735914403117151,-0.11933175946066021,-0.21928546237861543,-0.058651472833950336,-0.05571750311188631,0.23229497875723426,0.0043404419507960595,0.07247051805078684,0.042859462169104995,0.34552591579643965,0.12403993064534881,0.07369791155619405,-0.29784020548648726,-0.016792224885659825,-0.06706393650712238,0.10049402887331553,0.011989866975391388,-0.005888783353860349,0.015512244109345952,-0.0682122389163804,-0.03354708387051759,0.0027278288301968477,-0.042840452114907925,0.011460465812667324,-0.042202432320796464,0.009140842026997201,0.018518788465977005,0.011741807874003946,0.014842333610897063,0.005151432817175658,0.01961923740546804,0.01304262915421087,0.01779615634143583,0.002354290150793577,0.004677973748613128,-0.006763775301163093,-0.002362348757331136,-0.004396227058815479,0.0027850425806967127,-0.004936832968808475,-0.0022363854701080254,-0.0029488926458873964,-0.003930903252293119,4.445502840021293e-4,0.0042457345687607825,0.0013565109307727033,-7.139324927193241e-4,0.0026073405470082274,0.0011440678619331537,-9.344756877809118e-4,-0.0010763476623409465
BAr2E,Balmoral,REST,0.043617721134216594,0.20493268748138913,-0.2463768290436728,-0.094538190578444245,0.020365700993394582,-0.2645555622711134,0.016570817019131857,0.25245746246671974,0.12979574827367008,0.02370931946593638,0.04270235317600645,0.1088994264050486,0.07984357013007831,0.05171811509502896,0.0404960855853579,-0.009429672590242038,0.02741909105500063,-0.12657876257999068,-0.10257384477511546,0.05038000129017419,-0.048340239434904515,0.05031350514674804,0.14059424931195244,-0.0565509813305267,0.06061536906148373,0.024545784893279302,0.030720221776937513,-0.036982487339715944,0.0373335662168972,-0.06989838087398746,-0.006975530783224135,-0.008079249902625723,-0.003547635844341941,-0.01238489564774113,-0.05116890044747848,-0.011896637772066692,-0.020559143320674194,0.04127028193523805,0.028118243058561337,0.004640270743383113,-0.006978818791167616,0.008751066711082634,0.011992370366428367,0.005560573809007564,0.0027827288410280063,-0.0013919030079099677,-0.004851906757737116,-0.003577445658787296,0.0018178344293277686,0.0031502038077106547,-4.274404182230557e-5,-1.837958240864267e-4,0.0017608137933960728
BAr2F,Balmoral,REST,-0.013456298109508961,0.2256809626752093,-0.1400282698219101,-0.10427357525425586,0.02440819193992583,-0.307262131035722,0.02259119521484322,0.2153166578976576,0.17413061585723175,0.0270078845934561,-0.023722854090030717,-0.027027356909538287,0.06725828188145133,-0.0043958572166790475,0.08271041357541492,-0.04090009765798059,0.07406060763943542,0.027072003532542663,-0.0483364704791044,-0.00813830121063669,0.04315971465172098,0.17952346373686695,-0.15036181988184824,-0.05759866009051072,-0.006948497400467861,-0.05529114454438702,0.017736498125964176,0.0431597976389496,-0.025391940397221778,0.0669416657257972,0.009577004131921394,0.03948900319474561,0.00276292555304198,0.008085522201371919,-0.0018950099152039144,0.017160169932305396,-4.045092251711697e-4,-0.016176051866742848,-0.023983318859279283,0.011260253470070843,0.013757720977978158,0.0011111476286506108,-0.007627010780105006,-0.0013453058058896647,0.006846454810072773,-3.249358061040914e-5,0.002211506712846168,-0.0024619266137268945,-0.0017083287817676427,-0.0044351838814230635,-0.0014009821362037818,8.185964822714298e-4,-6.090747727211537e-4
BAr3G,Balmoral,DAM,-0.27847650536427354,-0.10834973613542194,-0.4495678977164878,-0.1405784420829371,-0.33266893352851207,0.05796270370523965,-0.12811532916875265,-0.22982091498631288,0.0096618656010648,-0.024245079878637693,0.01948184445334606,-0.11512990100749652,0.022096968309853204,-0.0464513671675821,0.06402304668682876,0.04287421870215715,0.045815063739836875,-0.048082062757744876,0.009228037519361356,0.010301719075735726,0.01862282499038454,0.015044720267703345,0.02656164446508561,-0.017940587389219532,-0.015046658350770717,-0.0018177813393012918,-0.06640431270069767,-0.04797520336247468,0.007374654744284577,-0.01972986596034832,0.00835047734195815,0.07022979500116018,0.04879820436480528,0.05912283472668356,0.010174816099229232,-0.04075347207317717,-0.001090631746496122,-0.008135806385096962,-0.017357313531640384,-0.011013588609429453,0.003200504711104585,0.013004726418079093,0.03012792623974469,-0.00352490670805182,-0.005436512799210477,-0.004875156170090216,-0.005739434115626713,-0.014819511895545156,-0.0026102213572688285,0.014493973924589778,-0.00762419271180882,0.006453590193322218,-0.0041719074053271354
BAr3H,Balmoral,DAM,-0.27675498765315015,-0.10101384730207846,-0.47479798591483646,-0.14268200125054417,-0.33689621913015344,0.06557983581425629,-0.12057223766473271,-0.20843963416743416,-0.018806122204666233,-0.010319052029890934,0.008397431777886278,-0.09764797615137888,0.018233730852304106,-0.03472899534804888,0.04181982782987106,0.010061825769879868,0.012867678780668225,-0.006375947790964251,0.01310488663502192,0.0034088742780522766,0.012772524082142106,0.007715442538450491,0.019350050024367856,-0.029319745445135163,-0.0013470975693008335,-0.0035344925129626704,-0.03219400929799186,0.04210857725990394,0.024577495772973017,-5.584505160230307e-4,-0.025308368172078922,-0.005705956205027211,0.005123240634455859,-0.020450779677302723,-0.032738875772457335,0.002097942012079594,0.007850453741467074,-0.023562276107717658,0.04771740892588999,0.028161339161550388,0.002579417896628056,-0.028988023253973934,-0.044743031916463734,0.011692661909314787,0.004066591220898577,0.0053549684084355275,0.028235707542777367,0.004413656602936049,-0.005484400167253575,-0.013811835532807482,0.013239153859833045,-0.009380395957140804,4.412107299811106e-4
BAr3I,Balmoral,DAM,-0.27826654708551085,-0.09406894794274785,-0.4721343135676073,-0.14916797198791454,-0.35180103644523303,0.043212353695794854,-0.12160430147465709,-0.15167250684158592,-0.017220905680264277,-0.019035137698691865,0.009626784296007945,-0.05212141347139419,0.049261425426308875,-0.03465643779387753,-0.003621848023200554,0.010807571693490572,-1.4347869893664594e-4,0.046195999615461926,-0.016522305094953647,-0.03226786792696595,-0.014000423319324015,0.017338667253102222,-5.154696455473623e-4,0.055336788983097296,0.019365214277967488,-0.0038907139616352502,0.09119098134301787,0.007676234620888466,-0.05191973605231179,0.017299439065850835,0.01856603557585982,-0.07881583681919645,-0.0684254908721339,-0.03727709563177727,0.01698865301149328,0.0421217853226083,-0.013669494972588432,0.02441240944948395,-0.027536645174109125,-0.01811209182762228,-0.008283534733675641,0.019657317824097815,0.017793383921223177,-0.01333820162596213,0.006145614180128763,-4.3266355635763787e-4,-0.024381678739879828,0.01242104310155194,0.008096233001377497,-0.0018990420619747993,-0.0061873691924222395,0.0030892663073963547,0.0034104585867220584
BOr1A,Bowness,NAT,-0.28011999242535424,0.236536528973069,0.21001522491510535,0.017003817805827538,0.014336441192373558,0.015982398073344374,-0.12289307624622345,0.045822369675937724,-0.17952979165162702,-0.0022668863477761218,0.008157925809654935,-0.006854018474343501,0.1100165512066937,-0.05388132484164435,0.06966825906029855,-0.04943066564433404,-0.14807823859990696,0.07544278722725149,-0.06321741300089646,-0.08651341499595874,0.020673249690159413,-0.017258271687956437,0.04178171036812725,-0.08534708934119513,0.05848712439247973,0.00948531105736246,-0.03412733785576749,-0.01702133900559705,-0.08340920611958305,-0.025361104009989532,-0.04779209943728421,0.06566284725000954,-0.01130887467384268,0.02984125813774043,0.014986534114504579,0.02871440252035936,0.02913629344995008,0.03333093823612139,-0.02944128259459838,-0.001887284488677503,-0.009070155556878023,6.450841864607208e-6,0.012852390269174275,-0.0029305667442425906,0.0032334449736358124,-0.0028267438454921317,0.008201933633777619,0.011862457700736137,-0.0072495303796724885,-0.001572197136071269,0.001910476856192179,-0.0014143788559385748,-2.994636383717503e-4
BOr1B,Bowness,NAT,-0.3693703211952718,0.2435002938095828,0.2249779580902946,0.14604284208491414,-0.13784058979191927,0.0991959322445555,0.021940114602522154,0.06182484940317346,0.023679879382454035,-0.021300917578132583,-0.015397870365767598,0.012868541348144061,0.022938637026984288,-0.011257113567192873,0.06235470975558494,-0.02914571668060282,-0.1092144795978492,0.062382516543756726,-0.031298652558799274,-0.05152482397058986,0.10170365374754005,0.07378928290969192,0.06849715324705882,0.04067070024034612,-0.0401311653511577,0.022552060712310255,0.007652529583541435,-0.05156164160898746,0.008691391895379827,0.007423995676116977,-0.017599637161388473,-0.03327758959492076,-0.008302270028332887,-0.015180488784572491,0.017105053070086418,0.024102242167990787,-0.036894128981696216,-0.032825683156139686,0.03855725762161152,0.0505763769593656,-0.006531477461111771,0.020559024928879847,-0.006517209430116324,0.02629317758979052,-0.01168287961576866,-0.0051842294405767065,0.014241984392021591,0.007090545593083222,0.009694305658464778,0.009513001840662037,-0.002256512124137759,0.0021154504874350073,-0.002472418347594192
BOr1C,Bowness,NAT,-0.34339426944541696,0.2628388031751903,0.216029411779704,0.093353825876155,-0.11845239433162774,0.07910357755199252,-0.016280991809767515,0.07025201611081933,-0.05178130522070277,-0.010357710256556463,-0.030128968354417637,0.005463436084952256,0.0158262233528929,0.008051473062112886,0.0836918894723109,-0.05550260870588473,-0.1440701854013691,0.014696553868501468,0.01420541287933723,-0.05748413328518135,0.036005752827136216,0.0472454755312296,0.05347366376278992,-0.010544804096398616,-0.007097148901821656,-3.7710360803267813e-4,0.010598755994885597,0.06630466434887147,0.044586785113605046,0.032996635648804055,0.07832073569219292,-0.048675875060516544,0.024573061034862086,0.0035097155265032,-0.04201348501799013,-0.06619370896982073,0.010294853751931485,-0.029505697634871687,0.007222059587207458,-0.05535024679697853,0.011299568170154333,-0.019052769015664568,1.270010725201738e-4,-0.022251762195136214,0.01587715749648445,0.006505016438911347,-0.020409424694069214,-0.014911934427123132,-0.0015130451504356847,0.0016340890208157105,6.185060653463039e-4,-0.0011020666015723656,-9.919466743946157e-4
BOr2D,Bowness,REST,-0.2521240983065387,0.2682337422857676,0.23333360465426062,0.06324422286315091,-0.005244394723846968,0.03481965305152435,-0.09194362465198465,0.018295275054535813,-0.12151179737896624,0.08673000548883829,0.05360528297364472,-0.062326169998120025,0.17730439342567753,-0.025760877987976827,9.602925853745332e-4,6.347839847268415e-4,0.10929157278437915,-0.059466366126627736,-0.005665061080137109,1.8950065471854045e-4,-0.014860909855264429,-0.02822990574255578,-0.04408154467269067,0.02213773209696012,0.0026868283848549782,0.05636692961876138,-0.040998050701770976,0.058244786162958175,0.019491887547656246,-0.029283405421572744,-0.024292113530125902,-0.001762081359803839,0.039194550846869944,-0.037431678873779274,0.025003231085260903,0.044644344634198745,-0.040011311185926254,0.038836776811667355,0.00305685134159279,-0.021926042765928768,0.020663818066200792,0.005388202103139368,-0.032932526036044844,-0.008877112576470943,0.022523281676454576,0.013403937072161263,-0.007313730740650475,-0.016687333256604747,-0.0077752993401379025,-0.003617718710217642,0.0012800502947859325,0.008593115113141864,1.734467258355925e-4
BOr2E,Bowness,REST,-0.2694557266269926,0.21409979276206956,0.23955712243247698,0.08373837587118119,-0.021411715690976565,0.03791273748764888,-0.09908279448162415,0.018945398531756776,-0.17752562797729066,0.07687639078261817,0.07178389606253423,-0.058123141691244835,0.21283540750630153,-4.969001692621278e-4,-0.07234857032086654,0.021470891388401997,0.07662571402663451,-0.028821032289073848,0.023447954654874544,0.09343407740481052,-0.09588659848171521,-0.02454989267099168,-0.0030385409901999595,-0.03790566758520786,0.016095424768210274,-0.04793655029816095,0.025716100364121076,-0.015531705809282838,-0.003956370651416199,0.010078485936519483,0.012376878665345708,-0.019352304634660072,-0.0597453890452888,-0.026426241072468878,-0.026189572854125064,-0.050423637975947296,0.053037888118578555,-0.028588224286693224,-0.009690428823933249,0.04484741594262743,-0.0022479464325847035,-0.005566716352323923,0.013540441149865478,-0.009783173532753599,-0.0164363229522712,-0.0083226639500600455,0.008488921209688189,-0.003924804040278253,0.0042605000951731085,-0.0073580474782130026,-0.001855715119470488,0.0042745639411945514,-0.0024839775759375494
BOr2F,Bowness,REST,-0.34260342775953767,0.22220348798305006,0.2779078224973473,0.10261930871369992,-0.09751523096537322,0.06852055805704844,-0.04382330243927393,0.03265048616513268,-0.06576093828963879,0.037605650908038704,0.007391579784497505,-0.06750236840092907,0.11863439527610208,0.014908198046449012,-0.03690251183891489,0.014091883729146925,0.10155123376319816,-0.028021112397212954,0.014799804258422871,0.07960006954398242,-0.0072562010080160465,0.031285621981169916,-0.06515003333542771,0.0721763264077736,-0.03645194841941916,-0.011326711502605637,0.02621847608725182,-0.0550401407782092,0.035850692723568924,-0.001697576203526089,0.020754887136354264,0.027527896103136325,0.027333591264461967,0.04060459785761895,0.008753701244214616,0.023135552498191263,-0.029184838158877888,-0.011138947788907463,0.014899619737141757,-0.02410600135096342,-0.02108266241526732,0.003994618870623499,0.01441946395226974,0.012656010683828663,-0.013114398482999508,0.006940188202345695,-0.0030487591499574127,0.017393187477546874,0.0038653137171994313,0.008714797469345583,7.606702305921703e-4,-0.015110516380380008,0.00625928658411892
BOr3G,Bowness,DAM,-0.4148437234418473,0.18943531473699016,0.1435408540400116,0.093285319022974,-0.15368720674380543,0.005247793371517818,0.03389440417618451,0.042399584573298454,0.1321777163514082,-0.13654687927669318,-0.06906118931791387,0.03598895601688715,-0.1901431457171954,0.018802371665677435,0.00579907825808035,0.034892739895352104,0.03789936908945914,-0.018768941561825184,0.031243623866465363,0.03698330869064345,-0.033215694854778856,-0.03847191457950515,-0.02427344981407046,-0.06556946427666342,-0.014337844500006486,-0.014087995004957509,-0.05249505464377404,0.04904905533692405,0.00657937821922174,-0.040348652008296584,-0.006331438297002969,5.556322497960823e-4,-0.06159084080251323,-0.004279403408227632,0.008195194653491354,0.0212995085402888,0.024897427704198914,0.0025081199565228215,-0.01850566369248077,0.010218301448092677,0.008127364294631083,0.03899543464676225,-0.02123588032877385,-0.03528189861040494,-0.005461946279246046,0.005946550572879672,0.004513639432247663,-0.01191941136871708,0.015504052542105374,0.019994956092329444,0.004568385871122837,-0.0076860214226195005,4.5884188366269253e-4
BOr3H,Bowness,DAM,-0.4342831589638971,0.17484484429362349,0.1611503734135583,0.09067016408423557,-0.16230888236396415,0.03706480404954993,0.04905717710401266,0.04866833686206864,0.1122606267511106,-0.1272560719277029,-0.07595784067481422,0.046052421873904015,-0.18004010242878413,0.01827596787224538,-0.020164311363134062,0.03367681892218307,0.04855741361176166,-0.02961357597206471,-0.005216528780705463,0.023174847929215054,-0.03710954133492438,-0.022213129744281825,-0.0029593803984476756,-0.04738619532399266,-0.01496342141168977,0.005740841927872867,-0.07476823932911902,0.01886799113660171,0.004696635835785032,-0.029010795806110223,0.02791279500773599,-0.012095926434906293,-0.01101769015060582,0.010338752404978804,0.02514733524119466,4.2871837940482063e-4,-0.01736714825701404,-0.004815442061189115,0.0030018279911064516,-0.014494456367408098,-0.006885174414604026,-0.019927084700843867,0.023968326730597112,0.03431436703691265,0.0019125466627293226,-0.01077307617007256,-0.010898377303399435,0.02076661055425388,-0.00465693682760391,-0.02419022006206863,-0.005824446800137643,0.009991686497985125,0.006435159056130943
BOr3I,Bowness,DAM,-0.4198570047756516,0.16914331112000597,0.10255677521949952,0.08358283196253796,-0.25350468993793956,0.09099414268042638,0.01571951444395617,0.07646285548493338,0.0867165149979361,-0.11548107567749685,-0.08013783172206415,0.07973797023259545,-0.15020127801585104,0.05355048283887463,-0.02552544175388918,0.015819182568356092,0.050156859744692826,-0.03252389991784562,0.015387491855069164,-9.109975545081115e-4,0.016120379355504665,-0.06499263103602027,-0.02213871921913637,0.06614691335902217,0.056416973652748025,0.0074416324777725135,0.14038270856073218,-0.049531195676083634,-0.050607113242437704,0.04469313001948589,-0.05561051155803466,0.029937180332091643,0.053111731135558615,-0.006149939342634104,-0.020131586929475722,-0.028803576128133255,0.007929689241413412,0.026177145618345568,-0.014657078381701879,0.009642780728790289,0.011342399087911362,-0.016812434897041987,-0.004474401372251703,0.0016424660035559001,0.0065373847083447624,-1.639006773052477e-4,0.007217438818570249,-0.01359486460302399,-0.013018849118503172,-0.0034603394259368407,0.0032955378396275505,2.3765144269825042e-4,-0.004956266517932047
CRr1A,Crocach,NAT,0.21939941874150026,0.24953129928840145,-0.058488379540921884,-0.19838010179779095,-0.013063685341347551,0.15256866109988787,0.04595829058701101,0.05413385396153489,-0.10720723631883584,0.11045172129362059,0.04797404772396256,-0.027709251695983227,-0.14696432417760072,0.08643901474958167,-0.05619294407095328,-0.10978681975272524,0.022599856943577468,-0.08938098034492824,0.08769486010231843,-0.0794882208947965,0.028262230810753887,0.0635230916719466,-0.005018399840256737,-0.01809960469151234,0.01657497508840155,-0.01941632310946674,-0.029581695974195233,-0.03403709304659512,-0.008038309409075425,-0.02388317531098505,0.0069305873848493045,-5.50600644747913e-4,-0.030448563172903252,-0.006129142198235608,0.004540189368639931,-0.009028417252704002,-0.01855935853896996,0.014882683726881148,-0.006616258465924663,-0.00501104050883521,-0.025679391571874162,0.00957808495799643,-0.0017216415607391622,-0.018391920133995883,-0.026737791927648035,0.01187616692828119,-0.013481071794144109,0.013403704064509865,-0.02452419421962099,-0.011893926557635708,0.002729686314889064,-0.011225405494629722,-0.007140579107102058
CRr1B,Crocach,NAT,0.29473264685886713,0.1955290067489123,0.04085362452463379,-0.13807294119292285,0.011306364756369612,0.20388535469688385,0.08529256425759177,-0.02413733212637569,0.044211460363950426,0.051790795013818086,0.028852230097126848,-0.02834352216954199,-0.024968873697985856,-0.03272914476278504,0.013802287355099996,0.04299569856654431,0.03577136683291525,0.06330620554518696,-0.07540091890916356,0.05167139564125411,0.015252333363540026,-0.025869121051348937,0.041465719099631954,-0.03795240166420956,0.0010801819117164753,0.023147094333277923,0.010509545508452772,0.011196672082195163,-0.03537994094796701,0.00515253001263453,0.08202831325090205,-0.015502801698020109,0.03808051035804647,0.015203664081965409,0.01537044950836859,-0.001806621978261437,-0.03076799963560307,0.011208039247339319,-0.032263939592234885,0.020169329270440017,9.980684554637554e-4,0.015989336073417095,-0.005164406254452817,-0.014492951743221601,-0.01636545073751201,-0.01919100219404702,-5.946421473181214e-4,-0.0027181421741666965,0.012729591911820643,-0.004276569512535954,0.02308474750007681,0.003418309511982443,-0.007502943273074262
CRr1C,Crocach,NAT,0.26750852837493505,0.21697395484371296,-0.009637938506805166,-0.19622190088856736,0.011768183352144137,0.20492588525342093,0.049852062840745164,0.03424585999740162,-0.00459506307277792,0.10828084819531042,0.04031572901235465,0.014820958919661833,-0.0895550456328867,-0.054458065163860175,0.03065965914113554,0.035230567641171336,0.028054078438837518,0.0553115016728961,-0.04082988245295981,0.04694443836297052,-0.02898846473545286,-0.04280259145326246,-0.0078658476117853,0.022867554930728354,0.009176499849813462,0.019741655409146474,0.018102689459020167,0.030522581719339,0.021847421066798812,0.031721982500157335,-0.015586295160701744,0.033361106936105056,-0.005405213289064983,-0.006553189443368407,-0.02455734548442708,0.030761185990451523,-0.008551780622654988,-0.025928602711537053,0.054810068648699625,-0.011583959513089225,-0.0072071763229716946,0.017095470150191423,0.002704107933889286,-0.0021224068225036336,-0.027243879194992455,0.01969898639541439,-0.014521466956055402,0.0025889557441466527,-5.985455635579782e-4,0.004999933791413139,-0.006489679539256459,0.008185791855279385,-0.010056905984213103
CRr2D,Crocach,REST,0.2350037987453693,0.09679950738003922,0.04893437409063781,-0.062153562710350115,0.10948851310611264,-0.09595392878851382,-0.06106342997767363,-0.11212792994993756,-0.021881219632295647,-0.17435379983714872,-0.10835660865934374,-0.0965376603914525,-0.017398267303530106,-0.04398878935433944,-0.2027330469142403,-0.0052544701171910735,-0.013986036862665559,0.014438517325321809,-0.0026772076679265557,0.026513581753478302,0.048357394596534285,0.08215009135845233,0.00729838935832528,-0.016842780206122118,-0.0019557360526135316,0.10199936353108065,0.002020328216744211,-0.032027028780282955,-0.038853104430070964,-0.04465405339423411,0.02070347151657611,-0.00892682705073217,0.01200802218075771,-0.030672610693531926,-0.012169133298768647,0.04275383534598247,0.01366260431162933,-0.01991101371516766,-0.005736104899489454,-0.0031662802735609144,0.015414938139924237,-0.041164556790477785,0.01985687501235244,-0.0028003040881445867,-0.032875723547883394,0.017325305531352787,4.580894473368464e-4,-0.03344225029644356,0.0038901997889588093,-0.0030066572608851167,-0.0011998359981089115,-0.0013938604287598206,0.002733444212158802
CRr2E,Crocach,REST,0.1885916990821671,0.13498134605242781,0.022900854472464472,-0.061359623932515296,0.1463353760082135,-0.0960833718188738,-0.08332220567686474,-0.09144114053641152,-0.08776772798237072,-0.18177666330377873,-0.11055221425710371,-0.0994990940560456,-0.02486823794649869,-0.08094015175597452,-0.2064565003703842,-0.029592443170060247,-0.04438222562297609,-0.04776025688226055,0.007192356028645136,0.051917716844570964,0.02323593514012175,0.031820159104566766,0.006563508569653552,0.02962120807518048,-0.028518213230711093,0.04998825381162388,0.014980277673281066,0.0531951313725617,0.028277443359292304,0.03909778770931511,0.03298394150470965,0.027486636925487088,-0.019179088750841445,0.022728363172056894,-0.04275888756175257,-0.01883647471509561,0.006432194870960497,0.02819562199012509,0.002271972238194932,0.024389807563902154,-0.022977284336540824,0.03404057750809185,-0.009021054152975995,0.006459323043397912,0.03552931625951445,-0.016135249964139363,0.0018975598808084657,0.025197589638843335,-0.015415928642041004,0.00981289510126787,-2.883063749697722e-4,0.003748144555772056,-0.001240781819407278
CRr2F,Crocach,REST,0.21045471733422522,0.21996813324078165,-0.02105793057031856,-0.061972641825893425,0.12451841617439513,-0.03754218175787096,-0.022624620411325135,-0.06192342250282623,-0.037155027320326356,-0.12619002849916244,-0.0800841042450142,-0.09967995540091461,-0.006807234712258344,-0.017521349713456667,-0.14069207052546326,0.013068314751030933,-0.029343006023534297,0.009993532361471758,-0.10826918535454273,0.01985349561307286,0.08022958781297171,-0.037869689494123684,-0.0014313823128455799,-0.005728636065648133,0.11466681202041452,-0.15089935934488247,-0.018767936122397036,-0.02465630606699071,0.07669666270579834,0.006266091741093323,-0.07225585402729574,-0.029044905571661467,0.00907412212388756,-0.0036187749875425668,0.046025506271378976,-0.014168555368703786,-0.0195546326837959,-0.02000874797077824,0.005045961753975431,-0.0222421322707319,0.008025108468928297,0.00343384391814452,-0.007021729333106391,-0.006465862246483456,0.002375499772002878,-0.008006108302752763,-0.007727918512816392,-0.002458443223449888,0.00764992536188792,-0.003558273292149581,5.210258069600699e-4,0.001269628599455267,-7.686848267839763e-4
CRr3G,Crocach,DAM,0.31660075618548444,0.09855518745176992,-0.013964152076856428,0.03743836898230783,-1.9619294365391783e-6,0.002686295569380278,0.10055038777943237,-0.08902221345362236,0.11267107696064045,-0.15363692825159506,0.00879801227935699,0.05563235682376784,0.1556797668323001,0.07379919010606407,0.06936282925259794,0.08988764890066245,-0.060100161046574216,0.00319414780922944,0.04338844786640186,0.005998148616382863,-0.04166970914889496,-0.0017475366541206806,-0.025862389745589087,0.036312257001135065,0.06527363472847987,0.02846947753696279,-0.009290935108957446,-0.01673807419165473,-0.027396740984039603,-0.01373554648982383,0.04375267490667244,0.08207118790770378,-0.023541746969903927,-0.08012541671132141,0.03512846270889584,-0.029447768014585783,-0.017620620463237625,-0.043552767827131286,-0.004669652924938376,-0.034011868665572806,-0.04938029845883325,-0.004823504891715671,-0.011771515667644268,0.0010739605227314244,0.012998511568842179,-0.002635047431418917,0.011388218464758185,0.00597740249483039,0.0045200047977512516,-8.479803773439747e-4,-1.473543302072168e-4,1.2337635901631567e-4,-0.003978715248615153
CRr3H,Crocach,DAM,0.3123290331365915,0.18990961346963622,-0.00839905357301409,-0.03218890286418772,-0.029963506781567117,0.12079237859004259,0.14607543717080967,-0.0847321503480423,0.07237835895226746,-0.08642132808735506,0.022221354640672625,0.00539942629932521,0.10564290690901963,0.08423182395483746,0.039015143883146,0.053497283255449675,-0.0708480630908135,-0.0062356722864113315,0.032349326743750295,-0.03254613167607782,0.008026467258300404,-0.017658664751762032,-0.02029494267350816,0.04516034005284232,0.003527899517967421,0.019086497990301304,-0.03187972792438369,0.03431466305335072,-0.005644551836222274,0.04597354351970134,-0.026637846732123698,0.0417945124961138,-0.028795357554671056,-7.518945705237056e-4,0.019633393320309493,-0.025902693232113028,0.016003880456804242,0.03987345492371482,0.0490382551619516,0.04322668341785192,0.04327588302226526,0.026448280558345284,0.027192596565738393,0.004893434218454042,-0.0011944858219137394,0.009424844673612865,-0.029805290790212647,-0.015988256573641026,-4.700288596382402e-4,-0.00785183857753421,0.00423019129739968,-0.006760007641454187,0.009045123785559201
CRr3I,Crocach,DAM,0.31317931498650964,0.19569963681046187,0.0027478791599467,-0.04704501904795766,-0.01947564014707073,0.12030148483307006,0.12911374562139671,-0.08200163541361903,0.055405183633642024,-0.08015182299422653,-0.006191665024711144,0.035981802746270955,0.10281543456099629,0.09784825395455017,0.04517497694977025,0.0339278585052831,-0.048240271696077516,-0.05460568292468509,0.021988688298126845,-0.034368304964231995,-0.027248065556153195,0.00904852360673727,-0.026631290964324913,0.0035888948887214628,-0.06499438564281877,-0.014762929699558171,-0.011070927644618936,-0.007012978274809158,-8.309508668281163e-5,-0.031041778723764884,-0.044462006105250834,-0.06312803138174397,0.0420082683967087,0.018500754351759602,-0.020678561355929236,0.0158918430259545,0.02346010077675725,-0.01791983225509929,-0.021793202123102363,0.023960909379890726,-0.0011320619792081898,0.011537537305697477,-0.0185324913008621,-0.018288107004030815,-0.009162203265465949,1.114146762785246e-4,0.008343196735690247,0.0012654252587490636,-0.012850329721581509,-4.7974131951104376e-4,-0.02227822105775368,0.012700835345130173,-0.002188697497043161
LABRr1A,Langwell,NAT,-0.03914624025721623,-0.42362662331674933,0.05196355836299949,-0.08461648895778046,0.13574634542819372,0.23673894275773694,-0.13728428627227723,0.2784418974806911,0.15236576193810641,-0.032781163558484594,0.0466666163700165,-0.0733015517432126,0.02489844872752556,-0.03947878884893135,-0.009151979623627094,0.002095380262715887,-0.03453067507101247,-0.028896317830017365,0.04818369366922787,0.037274049337070556,0.03621471314972413,-0.014748185567881418,-0.005792570439808472,0.005915852999694838,0.030877530788682023,-0.012825988675307516,-0.009966161187160566,0.004820689936725874,-0.04139021007340448,0.0034017950428390955,0.0015573069731628396,-0.009745183545699788,-0.004767816325627733,0.01856720470795312,-0.011443128557801748,0.014712850059773963,-0.008777094470418923,-0.016945958563490262,0.01337461325122595,-0.0028131552335261896,-0.017331689609924174,0.008619061472746315,-7.700878536813185e-4,-0.010176121959033049,-0.0013932445693067572,0.001148756346659716,0.007014200868401489,-3.927900486014233e-4,-0.018329172218888915,7.565459391871836e-5,0.013531953262056529,0.017576122725179583,0.006485181959123252
LABRr1B,Langwell,NAT,-0.044889046452176985,-0.42422442254916665,0.04928951781863268,-0.08810709907630834,0.1324400499517291,0.23327339565068914,-0.12948306094917025,0.2803912094603439,0.16040703669058434,-0.030904028302727024,0.04648678556318249,-0.0805788369841332,0.0360308579372625,-0.040108277760563034,-0.018874808328879174,-0.006686013048288356,-0.03831671257231882,-0.033050886785144035,0.05047302224992228,0.04594688357929481,0.051888308767929506,-0.012306491812896565,-0.004345068618166787,0.011402299909552901,0.03944966648321556,-0.020901243850473546,-0.02767453241260346,0.007852458089986932,-0.04657186056083728,-0.005171670096327752,0.004827919505864694,-0.016731020950114063,-0.017278047278619854,0.013173437599095433,-0.016629148631618407,-0.007477062004633902,-0.009119775400328675,0.007192190526806188,0.005256827627550275,-0.0010937602456988888,-0.00917214132069739,-0.0058094937442550315,-0.006670459018200712,2.3803374136860175e-4,-0.003906546177375077,8.930530975246782e-4,0.0018395105910038539,-0.008033701776310765,0.008525568971267201,-0.0012830789015673737,-0.017303576316115222,-0.014451941754977451,-0.002282476506408107
LABRr1C,Langwell,NAT,-0.10496689926811602,-0.43082761799741703,0.012309254244311714,-0.10175486030319253,0.1287502760625025,0.15850648350243968,-0.13757939134723385,0.19065069256737047,0.08540718058141823,-0.08517565876087657,0.06372558911916183,-0.17210366327715412,0.035969853723951624,0.10228158122163607,-0.03398185064318914,-0.07148224596279454,-0.002491026278051091,0.06133846087670279,-0.05337338803885959,-0.06913042092163962,-0.08708118255545627,0.019953038954722495,0.023826353477760707,0.03824325546295655,-0.07406186383982168,0.008745756945588264,0.01984989649457176,0.0021697186980909763,0.060534329524364036,-0.03662849382718225,-0.018596864403463524,0.03134936418846152,3.6125676948740116e-4,-0.02066936148545727,0.022050257696728717,-0.01780221317212438,0.015169511446383635,0.013778617644654857,-0.019915332477662574,2.6654152193102604e-4,0.014199937218889118,-0.01182546020257079,-0.009874941165190172,0.01453444692313952,-0.0012000314306635544,-0.0029666854549551197,-0.011178751182055474,0.00534529590730158,0.010130449986153214,-2.5133363281200615e-4,0.004629111813825097,0.003925266233962633,-6.28363490711157e-4
LASAr3G,Langwell,DAM,-0.22151775447306618,0.03471108564312393,0.10526725677821522,-0.045027318688106215,0.10652191380676278,-0.23528890614283074,0.11549336390090069,-0.13260431725970984,0.23964662213527163,0.2129678245153998,0.031996838682797714,-0.054149459714891865,0.0067007574619737794,-0.03321544156277829,-0.0055069798514704804,0.03017674774090008,-0.014735909328522633,-0.020050414371313968,-0.03857619636107318,0.004923641425434804,0.059140281943099754,0.011110209829920399,0.00990654283862019,0.09087401465609837,-0.02049574293214059,0.05198049309328479,0.006084708025311345,-0.0072950284026431405,0.042760238708243144,-0.008369241123964415,-0.011077912540472948,-0.028978988527132772,-0.039925441418557805,0.026356841008223084,0.07211428849017315,-0.02500795390662316,0.07216526792390195,0.009786014186498711,-1.7029162724258818e-4,-0.019850550902049777,-0.012870237993593554,-0.0024706069866157424,0.0024327211835728176,-0.006889058479122047,-0.018186214711867873,-0.004341501070075445,0.012139233612619262,-0.0014537417451839637,-0.014741398057522214,-0.003253319819667689,0.006208051424447481,0.0017119509165766504,-0.0018636787692322139
LASAr3H,Langwell,DAM,-0.21342942592148081,-0.03013986371826003,0.166061230032032,-0.03781510383918006,0.15434234841447417,-0.20181156733159739,0.14637104877950877,-0.16498662813466577,0.16200226058069903,0.18982387792506025,0.03885116168762479,-0.07391883111949975,0.027399914523186037,-0.023741308786294,-0.1157967631189182,0.045160873829515134,-0.007201646431964242,-0.019217410269092624,0.04793028513223662,-0.03510046786894799,0.023217996048373313,-0.05334571800904134,0.036724015044661724,-0.006259038437408058,-0.05277251122083786,-0.025979076003029268,-0.02417190577622328,-0.016463554397025962,-0.07197724987544395,-0.002185458705420607,-0.010193544794074616,0.008600477315187288,0.008409852201620209,0.009165517821657664,-0.03281444133793486,-0.006157518603972459,-0.04838018804299868,-0.02532059729757885,-0.005182668681166981,0.034352918558549425,0.015292435904926516,-0.017122219214573235,0.011039738171196967,-0.005283699330362237,0.0340908841276616,-0.0015402720754705667,-0.022890137320250525,0.006427723791776526,0.013642605041263614,-0.005846704130274641,-0.0012770362872924334,-0.0010355739127023028,-0.005593547810964326
LASAr3I,Langwell,DAM,-0.2949194738198462,-0.07323454469199096,0.08865581805454491,-0.11375455022643417,0.07345001230191031,-0.15958683652070585,0.18647659410726083,-0.19959072625716578,0.12226490060689982,0.1536652224337885,3.0286959910815186e-4,-0.10326348899839859,-0.04377138986614885,0.012664389402743358,-0.07052774029257657,-0.02441477066428973,-0.13448330427404595,0.03089427392265277,0.03181232088816344,-0.027856927948882098,-0.06417608017415981,-0.04600292547771963,0.00604046541821367,-0.013693535930317788,0.030084392883320887,-0.06275624349632106,0.014300808354692022,-0.01935278223153918,0.012525735857585193,-0.0012834863720552854,0.030484661078860796,0.034043839975887294,0.03125596180932114,-0.04809323243924756,-0.05428301763542625,0.03106281695454708,4.605290022816617e-5,0.025355684097268648,-9.055842582668786e-4,-0.023737334571774495,-0.0029151536145939705,0.017608381849839858,-0.019119111756381778,0.0010178299297491562,-0.014727744442861929,0.011770452115388654,0.01132321544180466,8.76434290145067e-4,-0.004382505961677911,0.006297898120117312,-0.0022801250220921363,0.0010428195717856576,0.008183673391659877
LASCr2D,Langwell,REST,-0.035053897562742554,-0.17041943083931257,0.14991106771967366,-0.09014014395327466,0.27034480711632325,0.03501039470412901,-0.22335865170643718,-0.12894929628679078,-0.023248272649476202,-0.0248228826059692,0.10459891076866402,0.1441687474586358,-0.004497152696950639,-0.012522027637207283,-0.040035870318565626,0.14137297304917995,0.07521014706918261,-0.005034076108715161,0.04289135438083469,-0.08364259693771525,-7.737538196530827e-4,0.053585275428363686,0.03216493506183686,-0.02588475929382066,-0.02130998409033893,-0.008567823704513814,0.0212012463003372,-0.01277705195384832,-0.01113568496521504,0.010194319031924543,-0.015528735412860931,-0.009179294010318669,-0.021582331028192875,0.00785768177698867,-0.023484733003374187,0.014983853531504044,0.0022630438309325165,-0.01650194808776339,0.015210992153919476,-0.057079862521588955,0.03714985874480749,0.05305813373344745,0.005774638693125545,0.02258932305739953,0.008587056357624813,-0.02918767300324534,0.017317722955409343,-0.01593382035556848,-0.00363099436421664,-0.007246255804281027,0.0016887396939933353,-0.004750006480222875,-0.003439614500895548
LASCr2E,Langwell,REST,-0.19172411709697515,-0.09582695042690775,0.1664221027291031,-0.085688821554226,0.1813183130502364,8.477950145343016e-4,-0.18113533948535115,-0.18501299175361433,0.03676755222990955,-0.06106619459390717,0.025299917234361608,0.1543301320867255,-0.1001577126131065,0.008658866505058517,0.062037329407936,0.03736150948372162,0.041876177894094556,0.02338755374063862,-0.052703381763738594,-0.04484281719609139,-0.0094416751409769,0.02629317253825735,-0.010053560785875675,0.0206711110781686,0.012882310395410606,0.001626836692899408,-0.026613513909206767,0.005021337412905121,0.06958601261495924,0.00826426032621508,0.026467596602935663,0.0202786732412828,0.0037512938487960475,-0.041048338449693494,-0.016956518054761418,0.02870582086029501,0.006029875945636988,0.019639405730708874,-0.007156800809779674,0.029267771920633328,-0.0033746498349907536,-0.025859586619874867,0.013303616402921799,-0.01576585228763564,0.0012142878643316252,-0.002475205685218515,2.4393731179514163e-4,0.014306163165608086,4.3461924184126345e-4,-0.004445750781158582,-0.006484761553873236,-6.165585979068229e-4,-0.007915022018678209
LASCr2F,Langwell,REST,-0.060326119342939785,-0.1675031049287828,0.11974334072013411,-0.10754355725903222,0.2781531116382325,0.012078658474409266,-0.2494402378463392,-0.1649913832516512,-0.05010710175093232,-0.007811607620847014,0.041558799318132764,0.19123882271106674,-0.031535257194861006,-0.024162192294990146,0.0016863236158497798,0.0851292452991673,0.06494636562892929,1.2136396607447388e-5,-0.029650133884401665,-0.06276177008893392,-0.019698120016009405,0.06538832834761137,0.015573999063539167,0.04212341861791043,0.03095548268162413,-0.04548285071931288,-0.017018628505483337,-6.898855385788525e-4,-0.031216057542437232,0.016593754229643393,0.013410065607053231,-0.012300212091193906,0.009419404326293419,0.02332476462763798,0.012831324936456315,-0.04313877921951075,-0.013013689552350561,0.014828213402408991,-0.005702412167928974,0.032658136210281935,-0.02788492610936858,-0.025788272245247608,-0.02858835422149257,-0.004362548625457483,-0.013814813217310954,0.029836439696956558,-0.013124943908698852,-0.001145956540767187,9.784514485234952e-4,0.012720230448586688,0.0032311018018630158,0.0032812345255910083,0.009847350071008378
MGr1A,Migneint,NAT,0.29592602326144607,-0.26294812942282514,0.10883160155637418,0.11545939412604718,-0.23093376037051902,0.05555256694573838,-0.046721835303627154,0.06305618503722624,0.02429362903857175,0.10259298766509481,-0.08033645095251611,0.05053920510539781,0.03528009633569138,-0.22203217732178276,0.02438550610073234,0.09732915911179679,-0.09450074642429918,-0.08915359539635011,0.04775058223133976,-0.005034117249095313,-0.015243194753462053,0.005055328372322277,-0.07244518565689932,-0.03023766779022904,0.05754290263465868,-0.030433341702755096,-0.008253895700923962,-0.008828613606188364,0.04080137918900975,-8.538958863250225e-4,0.04270406971391648,-0.03217542505932118,0.027978803170408763,-0.017724284386272837,0.01948793555501396,0.03563998783481987,0.038232216302984866,0.04028018967407983,0.006727336443684022,0.016895413228986314,0.002378141746653186,-0.020284918983102605,0.015090068520538026,0.02997410323695205,0.008128664500050871,-0.007921316758466924,-0.00965065140017039,-0.0015370959731570032,-6.674946714402744e-4,0.007387092494759289,0.0014423824299974785,-0.00248308989266241,-0.007130575824727198
MGr1B,Migneint,NAT,0.3146154467886729,-0.18279554423508615,0.14727610594826412,0.014772728224495619,-0.14656047533744843,0.04330219004560826,0.0225455609055152,-0.05720547470006584,0.06336760216062537,0.01023815583714962,-0.15247243860933368,0.11170243505477791,0.061600314208317936,-0.17131399863023636,0.026829102007797853,-0.1290222237571619,0.05501919561146635,0.004532536045286516,0.010448967323136554,-0.012768730584928037,-0.029598887728076822,0.014951417303547862,0.013186928759526829,0.04040747946575177,-0.002337502758430657,-0.01501946564834964,-0.0072516805764878,0.017688249808838735,-0.0036335291368641003,-0.003538834443409536,-0.03503915739630725,0.017065227181696327,-0.003673128237151267,0.0015786768017926702,-0.02705684677838123,-0.013642906381144288,-0.015619988648033266,-0.003886438540532153,0.020098953604428236,-0.02154276688998533,0.038289710672626154,-0.007750287475206517,0.04263845280675598,-0.04463320896418749,-0.011560436677536066,0.005709025038239205,0.026648364677483525,0.025317378245372585,0.007861248735424578,-0.002100577373803419,0.003910509787150285,0.003352967902482367,0.005015874470161088
MGr1C,Migneint,NAT,0.2769516095474512,-0.20255341494632603,0.15231100285537705,0.003342194728527691,-0.1717844984782521,0.014404333932252439,0.0274275943958914,-0.06628799628647913,0.033785360960807816,0.029652407636020336,-0.18276972370266342,0.11667030752723034,0.05148046137760149,-0.16527356841927987,0.023215938007845546,-0.20416101453266228,0.06673049457574311,0.03639935970306088,0.030323360141750424,0.010634532037761879,-0.005438319088977059,-0.0059483881966475045,0.06076271602117233,0.014057417223317655,-0.05690485009759992,-0.026884341202608325,0.014876308885672613,-0.023532842024519163,0.017282571548734606,-0.03039409217974228,-0.0030915238548021523,0.031155123978810838,-0.024258297182203913,-0.005344952053319497,0.014650014093931844,-0.018141639328429014,-0.005314936201322843,0.0013740067020075158,-0.0323832009647729,0.004637780612078885,-0.010835060158760719,0.02239063715784096,-0.042695433481353184,0.02534769030583166,0.0022418732581803236,-3.300995885346927e-4,-0.015622294880026803,-0.021847935727602436,-6.367026458631101e-4,-0.00905890379037693,-0.004048266444408497,-0.0014048958725989813,-0.001416458036492895
MGr2D,Migneint,REST,0.2543295794141588,-0.3035341269085618,0.09178590097756448,0.15716959922854767,-0.2482548358237723,-0.06788394902710859,-0.08330595790514292,0.09382529277563527,-0.07720051492912135,0.12430868481170454,0.0306199629103388,-0.03334145707065537,-0.11881058277140773,-0.04636255946715869,-0.027973924043795933,0.13024874780319434,-0.12233871222868993,-0.06829051784214091,-0.07991656472298853,-5.293930992946963e-4,-0.038253918077457254,0.022484372855751316,-0.06576920183123168,-0.034066287932084424,-0.02196590672670876,0.09894302841835786,3.353278358129214e-4,-0.04293022831607869,0.029621957219265346,0.027397133057079415,-0.06484835487786215,0.0057096069300402435,-0.041297475061847506,-0.002309802757912314,-0.003388329722665485,-0.04224908026625937,-0.05064659308627485,-0.01588318766254647,-0.03167330995551147,-0.006399655757132668,0.01707259159215378,-0.0012230712669753909,-0.01963303642536334,-0.01683510920522077,0.003943076014157238,0.00892190844554581,0.0018450424397508556,0.005231115355450026,0.0037385942868933975,-0.0017580402663380614,-0.00150421220864252,-0.0011962500595621038,0.001132748455223629
MGr2E,Migneint,REST,0.26918951809005337,-0.2910358539801629,0.15355560672666896,0.12860980578712955,-0.23869528156438724,-0.1370942945237892,-0.08081208445163443,0.004720683456637662,-0.06519045057700648,0.04391640647983578,0.020221108823844758,0.014341373707570848,-0.08778883422920952,0.060114707090166086,-9.030797928480593e-4,-0.0020653799587927696,0.005004214769504669,-0.00780504863924793,-0.06870367510125094,0.020405649945151354,-0.012162729497706254,0.017783737715399546,0.0186481708537736,0.010005795240094104,-0.0641704072553088,-0.03230102788198826,0.003591374814819393,0.010904275935302396,-0.04709987984055657,-0.022187329633540323,-0.016720010646619675,-0.006184818953028714,0.0535978604083513,-0.024271738542345322,0.026526518301900975,0.02231481299187685,0.023564266618305834,-0.022535583342712436,0.042843834379661,0.009585844414008001,-0.06439630760233091,0.01488279846057062,0.017017729662970778,-0.03798753235628581,0.03163552402623995,-0.01918787991661288,-0.006900936958973551,-0.01613537031012486,-0.005505819360364928,-0.004145485437086267,0.0021219991838508433,-0.00560787260671684,0.005055774261944469
MGr2F,Migneint,REST,0.28275873007329266,-0.21180478614134407,0.16642296672231666,0.12352853937800769,-0.26715196536568553,-0.18163039702909334,-0.020613230119512875,0.0076309346593257076,-0.03780610249682602,-0.003039495391634193,0.025683663030022653,-0.0579156389826206,-0.05006523377081653,0.05700175204549868,-0.035031155050226796,0.021716866871408034,0.034893884626493225,0.04420813828564856,-0.008956886024723514,-0.02856833968694207,-0.04231611204646322,0.007542082407561681,0.00671658471198678,-0.09531054793179514,9.343453234171013e-4,-0.012495168594670073,0.013980998727662038,0.005668603149852034,-0.045061892955194485,0.0263816530747778,0.014515581218031055,-0.009232507255064767,0.04253496943235467,-0.01916379708516494,0.007899204294052628,-0.026326452825761855,0.028639838214886783,-0.016009123346852467,0.013986247583283222,-0.007193443679181449,0.01715484214425286,0.028817755403612488,-0.008126093827346264,0.03638568472794546,-0.03387567612597641,0.012261558668988643,-0.011640502499365553,0.017588394692345324,-0.0029318690347464715,0.0031772978741446767,5.870251463635035e-4,0.0036440987605311365,0.0029492415418437942
MGr3G,Migneint,DAM,0.255269688156057,-0.11161996729619762,0.1457155666186193,0.05770082009467345,-0.1245247664835673,-0.19547490479349475,0.019249986928565162,-0.04264974572364825,0.08262527769057032,-0.06189411364610132,0.02462616468298808,-0.06226269564985503,0.07016417861731297,0.07520792406764655,-0.00762453280844168,-0.08181658642266221,0.1652048508369338,0.05404992834807507,0.03113494835660661,-0.07130670154936639,0.01346207570074925,-0.059364000532495194,0.019856787790050477,-0.03807633762372023,0.08292242824274638,0.06284595727041,-0.020273242805026126,0.008856435897846378,-0.03412907414149593,0.010253995127021135,-0.011889159983069556,-0.05969602619668716,-0.016931677808693233,0.023905933475529696,0.018465074282967113,-0.00918968280852022,-4.851319236861501e-4,-5.356189100896134e-4,0.02697224363271188,-0.011451614053419063,0.0026541324696738697,-0.02140482486526726,-0.0087970537478111,0.004038193662626246,0.0187301343471828,0.007699331046458482,0.0015008540483715544,0.012813892317218394,-0.0045790078750125454,0.01757032406831513,-0.002260897854365298,-0.002482811334574014,-0.006800220399667679
MGr3H,Migneint,DAM,0.2911528716305118,-0.17979070098142944,0.12907816645188105,0.15795282145941356,-0.24383130444997209,-0.12652996365218952,0.01919743564519566,-0.003269373395933455,-0.03207438758295145,0.010316004231488016,0.08431620474204775,-0.0529066667961341,-0.002398080457803876,0.11818105306298024,0.01600785413617201,-1.3743180126675266e-4,0.029058531921430007,0.05904828321418554,0.06515882774371934,-0.07624101387531171,0.019615463100371332,-0.031529395261719974,0.012031851700196883,0.015198726955347571,0.08858506092059959,0.021627467651028968,0.016995497515514487,0.009652452498751789,0.09778332604767964,0.02974981960170399,0.03361537007078477,0.02184750460351659,-0.015847259241726464,0.0760990264898984,-0.03533858349435036,0.039894033485418354,-0.018221905927515533,0.005470456442057529,-0.021026538318018834,0.021133571901064373,-0.0257526297001924,-0.0020185822899612574,0.0010595360743526413,-0.009582621032183422,-0.010922367427916548,-0.01737138177047948,0.009612447293443975,-0.017074233523336067,0.010968812244935858,-0.011296408283011195,-0.003511495317621902,0.00310967517860052,0.005571996485350128
MGr3I,Migneint,DAM,0.2212998558133008,-0.26930172486994775,0.09650624123776544,0.18228658788979998,-0.19988254614836737,-0.1579763725134854,-0.02986748005824578,-0.0035994841887970414,-0.12536694683021157,-0.0038117802306549793,0.10746265774607816,0.015447272838596057,-0.05165188051563359,0.17922930624539862,0.043082433617661356,-0.013509438270860612,-0.0333844892024021,-0.03483209052618371,-0.0430230075283324,0.12101486052164973,0.09222474344321875,0.012156887541508015,0.048044732400972276,0.12290094338520884,-0.021150960408003405,-0.07471787480009284,-0.041907253710492406,0.04386450909117782,-0.039571741480007284,-0.023466321488584255,0.024607172592552587,0.019453650241928976,-0.02772132400627759,-0.0156973857281254,-0.02079202156708665,0.017636367561752898,0.0010493215813899802,0.01740868319774241,-0.02657831020070595,-0.009300337498247378,0.04499473013347701,-0.012155952388281589,0.00401426582223256,0.016208817112762956,-0.003531180683136187,0.009290500983380637,0.008406969618472994,0.0033505462572982984,-0.004781127786783004,0.0038253133521618456,0.0012325958600489075,0.0026416874345011675,-0.006232223480919635
MHr1A,Moor_House,NAT,0.21398350322878207,0.2571269720657909,-0.054732573196559636,-0.21148802258904595,-0.019625160811346597,0.16065843989685896,0.05717301456288416,0.05250806939364491,-0.10134896358737813,0.12371603737907272,0.05487138372706075,-0.020552989276610027,-0.1441816874548206,0.07914708920656487,-0.03562441972397975,-0.09471004366213491,0.026855419465002056,-0.0753035174096184,0.09957099101498607,-0.07177562610367424,0.02021311357901476,0.047209448439677754,-0.04110575997756563,-0.003907743700880403,-0.007546499928203278,-0.013799864843568366,0.002326045487801744,-0.04329087483782296,0.004488457341755591,-0.014918362830385438,0.005735772086653211,0.004186746491123618,-0.0054462219164695316,-0.03633339825034624,0.027325968572554902,-0.012259947330094001,0.01692126183708325,0.009349346850897462,0.009985345252273485,0.002918755169160694,0.012807901613745044,-0.015859975624965363,0.011067350312587192,0.010698085609717077,0.030637334489064,-0.014430296763064121,0.01916374537399972,-0.004175255731326525,0.024144276999923702,0.012398295189200504,0.0035496349985572923,0.011067062799009621,0.00465923523032489
MHr1B,Moor_House,NAT,0.29012475876873556,0.2202668606037252,0.026423090163765463,-0.15513830032958542,1.0622160987716853e-4,0.20121331509426885,0.10128577700432635,-0.01422409519135836,0.017996685262811032,0.06292381942082921,0.04509856240005332,-0.03847195086181944,-0.029894809376734166,-0.02687955497875645,0.011898510749022859,0.051934989683055426,0.03115168828769575,0.0688888759551195,-0.07189527069939909,0.04973792848369399,0.002551108546031161,-0.018409384161371795,0.03651987454091369,-0.016924132185438753,-0.019646655628796274,0.00566802855583617,6.519894641565365e-4,0.01933088777381428,-0.02178382764464865,0.017968258534735732,0.04514533519885375,-0.02813827081562713,0.026540051913471894,-0.006097811996917805,0.03213178934443335,-0.03407652879571377,-0.017608980655706142,0.04306477276962146,-0.017116516661454875,-3.7648366450115754e-4,0.014724715914436883,-0.003939345576520531,-0.00655183770886289,0.0034258331825428455,0.010398578847171918,-0.005795344904757318,0.03647304769853183,0.001603116967421979,-0.00608398827614131,-0.0016818440317558868,-0.017472825093668057,-0.010247923709404576,0.009113131987766424
MHr1C,Moor_House,NAT,0.24855097615262395,0.2400856359007827,-0.0054302354440214995,-0.21127377016409077,-0.006535032506769816,0.19989837659807524,0.06679839085792631,0.03336771254287018,-0.00471535021952117,0.11423904162976935,0.007763712519292888,0.003670964803997209,-0.08236389632344454,-0.02323550129055353,0.011151161413597302,0.04118499544711535,0.03242773010921831,0.057086258761021656,-0.0702781477013172,0.02466019896818372,-0.025829027868838866,-0.013828938698877325,0.04525831436725019,-0.0034171878947596686,-0.008652998463612742,-0.0016838373284864313,0.025204622075600674,0.0249293922156879,-0.00475044004439093,8.828779199428297e-4,-0.035201884695095345,0.03914275951343261,-0.04655813614397793,0.0374319431101873,-0.031223519581712482,0.03726998349882574,0.049247955292605304,-0.04037821565866477,-0.006952631131159864,-0.018575475374456203,-0.00867184463690445,-0.04246767455669857,-0.004264907835007608,0.0215520913858429,0.028775853496268697,0.003556298917455477,-0.014089556633784823,-0.0030284348289211812,-0.0021810302663660577,0.0067496002811353595,-0.002843790290913613,-0.001839308788851573,0.004304314552265995
MHr2D,Moor_House,REST,-0.19771798125274315,-0.34364164008253356,-0.05573504105894942,-0.0800280714164275,0.08512812763446034,-0.04939060354369849,0.43163205727592,0.12344842902462944,-0.18242088142810245,-0.05310566924491081,0.013186860499305444,0.011330831075931538,0.014715446442182175,-0.07113150138024428,-0.014851450461515323,0.14717250045564498,0.035354682369854125,0.015162240376687343,0.07712610050480163,-0.027147978291270233,0.08002142542861043,0.03504040329797531,0.03135427466161413,-0.025254016268859297,-5.147276705797525e-4,-0.005120397284895939,0.08892338532219775,0.09435841340630635,0.022020382386382986,-0.09094452595399748,-0.02285484438038794,0.02599901499611458,0.024633219750437658,0.008038753352640026,0.027610434742179335,-0.014267210105557548,0.00497632755783284,-6.219636965768647e-4,-0.0017787321183627641,0.0066351735812388846,-0.0043441657124186255,-2.2772500710052177e-4,0.002448404538766465,-0.0072929146885150516,-0.004726905907019701,0.01094933746859648,1.1569615170192297e-4,0.013603345688941396,0.0074577768947895464,-0.0022716084330323145,-0.0024333131352556056,-6.511760931460083e-4,-0.0012750508603969278
MHr2E,Moor_House,REST,-0.27743292050880686,-0.3506637261101966,-0.039530740518888614,-0.15059202097594263,0.09761882082018397,-0.03003342850866285,0.418857071027315,0.01094566463589881,-0.1518270187149941,-0.03631375382563267,-0.049554758638470656,0.036700827748534164,0.007707469025879063,-0.011536594930753995,0.037317942565520366,-0.035412997305705046,0.008357500333432263,0.0018384845365095606,-0.04953850199150233,-0.015496475187055866,-0.06560943681848289,-0.01902763158765985,-0.028970618428892536,-0.0034196157862671286,0.012725154753949273,-0.011156582867028446,-0.02066015003683877,-0.0053799749793123665,0.010334661645942789,0.02251396607658031,0.014518324146811716,-0.02482604140311259,-0.044249488441382386,-0.011117352689133475,0.010000908702281227,0.0046792611878142655,-0.05414570689662336,-0.03126985949790885,-0.010501964695261776,0.01875960779137632,0.005162281611005511,-0.008716831890971314,0.02728559958487489,0.01535976619693985,0.00104723522377967,-0.009645031598476616,0.006638309952642333,-0.024420554245885462,-0.030254321683929435,0.012597953341101096,0.0043657102100493304,-8.137720455793473e-4,0.0015275050694621266
MHr2F,Moor_House,REST,-0.2673767655016543,-0.3499487539113337,-0.05236033087459204,-0.14345037746967668,0.10553873062697487,-0.003362059207546649,0.40140495156160433,0.08779275141981603,-0.15648455811147896,-0.09613420545657272,-0.03137002727803953,0.006560075764391348,0.005425305018932857,-0.004089793450570551,0.020940193411054887,-0.02681236823731034,0.037172972202585815,-0.025913642190491443,-0.06530932738374517,0.015783171819846096,-0.02804064302565534,0.02288055020017369,-0.010451687467450156,0.045170760807004016,0.007056643984071439,0.036034581828642234,-0.07994510264013402,-0.08101674319951672,-0.028930955426703906,0.0793589876181674,0.005931957541671578,-0.017089898291575454,0.022966412354045052,0.012226907266837485,-0.02596949782942843,0.009441760140975473,0.050735513162169545,0.024498443882591252,0.01750145407382033,-0.02259063984599901,-0.006043409032825872,0.008505675712567681,-0.025866300992125155,-0.010486513937216174,0.0030136331087753155,-0.004186109758951289,-0.004821223003770077,0.005136990758460387,0.021493504679841534,-0.008639923222506184,-5.533122358841008e-4,-6.873083536055319e-5,-0.0028132162308041877
MHr3G,Moor_House,DAM,-0.1600665623815173,-0.15276184979964094,0.04168249846980508,-0.2258060474083324,0.1806641351834186,-0.035378762409913424,-0.11536542181491732,-0.22462750639135573,-0.039344893849639795,0.043845629583276764,-0.011744771891962994,0.059166857876393475,-0.04913606924761692,0.1040607859494992,0.03566523796957321,-0.1700391297393388,-0.13121297294511708,-0.04121000851405488,-0.027489856997796717,0.0790849769987166,-0.09169681736908816,-8.302880561762581e-5,-0.10339324902968114,-0.005232344099004036,0.055882463738384826,0.03776909112201804,0.05127601087064472,0.07345109232072995,-0.029801059687678655,-0.04592152513921915,-0.010850790612359367,-0.014959618329959758,0.020802177461908874,0.05696278732691581,0.028094216027086446,-0.011792022063465071,-0.015431359594063759,-0.010396052763164552,0.023726151730709525,0.0036413120253171705,0.003014124504642435,0.005896004455403285,0.0026544072882995367,0.01575706410722383,-0.0059684991770306665,-0.009902822718321422,0.003661973325761999,-0.003427938095859354,0.013877285123952771,-0.003199745113350322,-0.0030877385636199645,-0.002113994388673713,-0.003911404248605526
MHr3H,Moor_House,DAM,-0.06523231658270337,-0.29995551389156117,0.0464164762334029,-0.10652456287015012,0.17959989579211535,0.05792252665230612,-0.04820640002485365,-0.168927159314491,-0.010438858412433824,0.007332034118372612,0.02582230152794496,0.09186689741255721,0.04611121298683074,0.09967071864602771,0.10793895111362993,-0.06599375601260625,0.009444598330169125,-0.0022636211597442577,0.03766854179949182,0.13061989271799818,0.17291326094638812,-0.06280576101753672,-0.01936175792293534,-0.14717199000785136,-0.043176658497820264,0.03762303765403652,0.03695093728310881,-0.04642208592722609,0.051985440084176604,0.04475195850360533,-0.015576615952779361,9.7806485491897e-4,-0.004081362016711257,-0.036073091924925894,0.0028278113176628005,0.005146118530541727,0.006888644393630424,0.005542012657191387,-0.010418189626352324,-0.005473034056507838,-0.004834519779116256,-0.001694691424148699,0.008261766640437321,-0.004960841342122994,0.005960550268506987,0.007979570245570734,-0.011415891983915766,0.008070703955887144,-0.0011039340176580061,9.324926322876068e-4,-5.017815728907939e-5,0.00159059487749982,0.00481203828458973
MHr3I,Moor_House,DAM,0.3344895171533656,0.15055254157330042,-0.012904227920604475,0.008275049896751057,0.012141703804984253,0.10013919692973133,0.10314397121520359,-0.10879643472487163,0.06376768534368568,-0.11452540519219838,-0.039103248143984665,0.0371643764524589,0.12267209777062521,0.07940235044600678,0.05491791992263755,0.04634694513224557,-0.04655622069308519,-0.08143743323313322,0.0053467774578190245,-0.02062318454327487,-0.04154790459864676,-0.013502105629410838,-0.023525401029385346,-0.0031101168465143053,-0.06574793935146873,-0.024769907983754627,0.01655369491567003,-0.016110612581356473,0.005054841649942413,-0.022812971808687903,-0.02568344777478563,-0.0510227684460431,0.012499701424202436,0.04116086984048078,-0.03274201437930611,0.026365874371195128,1.2574484212935096e-4,-0.0027905230441877564,-0.040748715793505474,-0.017142012385783473,-0.005220940138001522,-0.014239330854743439,-0.0022605637961442063,0.011906470032205598,-4.591355063320447e-5,0.0024678500446088008,-0.003032342571248063,0.013355889003268263,0.0024878879073862237,0.0030375703541422007,0.01820614297964129,-0.00785210352062014,0.0010768934276840553
SEr2D,Stean,REST,0.06046220634801558,0.11034087418830502,-0.2324422382320653,0.37824608908297375,0.16386757755703946,-0.02478290622990149,0.013020406570374236,-0.009710338693646455,-0.02026662200484003,-0.04419086598584914,0.1069027554819416,-0.010197345456976281,-0.006837781163601511,-0.1065947723979627,0.01146726222423703,-0.061067626459406985,0.039350548380364087,-0.09916893582589616,-0.11670455961398833,-0.1225722439498235,0.0861231521098647,-0.12681363812051405,-0.09155170668215996,-0.006012738262836272,-0.07763709832625204,-0.011291798548509516,0.0166515712475436,0.03917423679512663,-0.027898373301243524,-0.01077169911822321,0.016827040874813032,0.012085864162812725,-0.022378855227548518,-0.012965050454408801,-0.03714894959071522,-0.021706236105721324,-0.0028944713229564593,0.014417179165446352,0.016535234903480224,-0.013143988410774476,-0.031377368342654414,-0.009404144997100163,0.003971709807827827,0.013767387302040199,-0.02794621097901654,-0.010224061590582775,0.005048264385215914,-0.007997178925250094,0.008594715880530297,0.001969711539093303,-0.00242073696883908,0.00104578793379458,0.0010192510476899695
SEr2E,Stean,REST,0.06179452998360306,0.07978486060741363,-0.22680495403390433,0.40236090791177365,0.15950982348633963,-0.01959679757108947,0.05340057525404311,-0.027740149203902255,-0.007118432773208664,-0.10739481717727262,0.24216514483308993,0.03714337001965954,-0.06523934706923952,-0.12278686495224364,0.016739441115707042,-0.06673117875188321,-0.032994732869732604,0.0070385752260217595,0.0036052395895912115,0.025449872310796495,-0.03557404125141955,-0.012014958126324997,-0.011728858693171666,-0.0036078334315364597,0.016469522014072358,-0.012227265105332721,0.04667670497722795,-0.0856030913925598,0.004853670028669482,-0.04297162438109864,0.07257956175445412,0.011572082652965785,-0.007062569463130166,0.040329612109809024,0.03407691261765325,0.022159016069783044,0.013252111925340117,-0.028623762929529478,0.02199965096133016,0.012174235702591102,0.04924654868624363,0.002634665829307882,-0.023897627892333996,-0.01983726353642137,0.0239002059960828,0.015787617961243672,-0.004884364756171754,0.0074361698480212585,-0.008987558486081139,-0.005089904003329647,-0.0013161606673388324,2.4687915447324624e-4,0.0019683304265359367
SEr2F,Stean,REST,0.014661134955396756,0.16072445156421347,-0.1398386012109254,0.31420369845960866,0.11777015583062907,-0.030558240713570314,0.08454411636106748,-0.03394589772392214,0.040982695388278145,-0.06964418306652882,0.30296395526960435,0.004968338423181423,-0.07472895237309926,-0.13150812721772476,-0.0036339920781512922,-0.08383541409108727,-0.017251577296733434,0.08843459028875052,0.09842098891505244,0.07835322538607871,-0.06756672950897649,0.05960516281526892,0.03228915523977348,0.007669108950928855,-2.617952582473609e-4,0.008918553542880191,-0.03575249494563361,0.03800940696057013,0.017011210559723145,0.0497979325963479,-0.09144616688655274,-0.027106878652312608,0.03681114235522277,-0.02613575719368862,-0.004095655404202312,-0.007604922138308899,-0.007696181062663978,0.014997087301811268,-0.03311374938609093,-0.006638492838896048,-0.027992437211277962,-0.005814861086142976,0.023163124440711256,0.011455206296144431,-0.005068757467270078,-0.00495976439446651,-0.0022422979899488216,-0.004453808960393566,0.0015026547992647436,0.0029120028766577172,0.0030880249046564036,-0.002427394741713885,-0.0014069802134957527
SEr3G,Stean,DAM,-0.015533492012978541,0.01934495595006486,-0.28502953552064003,0.4711129353900549,0.21432418682859883,0.0875927616479349,0.002879497897483355,-0.03868351791814949,-0.03256447756059155,0.1369579013285394,-0.2034614944366933,0.013730787487456987,-0.024020927600182065,0.07218222891059776,-0.0061215072631551,0.03971151977353516,0.0067662508329308585,0.030431762817873593,0.017016478543706526,0.022830750287101454,0.0016422503202829163,0.030558790415380253,0.010117837257145702,-0.002918065054845559,0.020784075002068126,-0.004296182002751775,-0.016633819364813993,8.446008460722337e-4,-0.012106990492592997,0.005604832788856422,-6.0201369257563e-4,-0.020192357163509575,-0.015413749511840626,0.027600312021705944,-0.004369185484696423,-0.0067311055612151866,3.5309827310661885e-4,0.013168467674134338,-0.004389406559496279,-0.006393818432327624,-0.029640355018371808,0.024998893562378353,0.015209062109439106,0.02051574150085775,0.022780813443621147,0.05057043370728709,0.01895762557155855,-0.01048176156516395,0.010612479965265278,-0.008299084399917389,0.001987608772530946,0.00619617853736943,-0.0024103736517819305
SEr3H,Stean,DAM,-0.024209524151839617,0.015062099465786924,-0.27514563809511555,0.4745177055148245,0.2077991204918452,0.08706044667205279,0.017966748929456683,-0.039654010878844646,-0.030829344651240414,0.143882655932202,-0.18607387067313202,0.021076843235041262,0.0024680128581162104,0.0729554755568481,0.0182071440293498,0.04345660149416643,0.01121863972450721,0.04970929053491563,0.0563186158772038,0.04550585765859369,0.004266789372847121,0.05080738760096154,0.010917124289085579,0.004155206770074001,0.02757490382386591,0.014456998099311502,-0.009233523668128636,0.0031606598236216506,-0.03007452828800939,-0.01367251006970279,-0.018222513161459435,0.01343846982019848,-0.007533396834143605,-0.003309580610263816,-0.006116785020575734,4.770308063272536e-4,-0.008351186018226752,0.01210231606324274,0.017583373264999005,-0.00854119356393417,0.01918817182537507,-0.02620665092316589,-0.03349471606237552,-0.012774739592212201,-0.02467691105408458,-0.0574045695595988,-0.0199993786592806,0.007600743923836444,-0.005417787454086943,0.007581844725133145,-0.0023751702657405617,0.0016208383677991545,0.003695252850205545
SEr3I,Stean,DAM,-0.010653908845179139,-0.1947503364272839,-0.208176735079408,0.30172153304464483,0.2863400313262622,0.1558800292227097,-0.09960630082016303,0.08553791227470521,0.03324626637342872,0.05476062427805276,-0.1484410456172243,-0.09566816046572085,0.0023393311680013746,0.10548613833015501,-0.014624157201896899,-0.028363990152680072,0.04388434462716611,0.01605242093549813,-0.050410800228927216,-0.06607134836126734,-0.052743954027922355,-0.0319857992455487,0.02403174419252886,-0.015155713981646666,-0.011078777361733197,0.0077552623295427305,0.010382861351979088,0.009320954156609754,0.039074327492557334,0.019242399284000136,0.015666690072846566,0.008227166510144546,0.03729303138466896,-0.02866280019748604,0.016806921392887805,0.012818210629465962,0.013498861275719254,-0.02071206398913774,-0.01515011448610735,0.01905536421680549,0.017265594854164772,0.0107978555865428,0.02926374899921649,-0.01119909927893217,0.007789721501774028,0.0064013483943349495,0.0034747076806922123,0.005604217845628476,-0.009021317807135255,0.0024249260148252356,-0.0014098639208450633,-0.009508915097430714,-0.0039016294782629867
